{"type":"FeatureCollection","features":[{"type":"Feature","properties":{"name":"DN_2026_ANR_WO_Plantation_ Lo8","year":2026},"geometry":{"type":"Polygon","coordinates":[[[107.53395359818325,15.691373914850201],[107.53404585959164,15.691380874793019],[107.53421003031295,15.691230465172325],[107.53439911352048,15.691343625613795],[107.53451820377903,15.691211066383563],[107.53461754220378,15.69114184342521],[107.53481260382031,15.691247959825017],[107.53476594773053,15.691700984635688],[107.53455388932566,15.691610758181262],[107.53441990458985,15.691711941174335],[107.53412760554131,15.691717075579396],[107.53403509945656,15.691942480228743],[107.53458290844945,15.693206430669424],[107.53469152904857,15.693094377130135],[107.53480346489287,15.693112563146826],[107.5348281614798,15.692871184748626],[107.5349534052195,15.692654036477341],[107.53499333815964,15.69238456511421],[107.53493072192354,15.692131803426886],[107.5350599960719,15.691718084369203],[107.53517805833644,15.69140874213247],[107.5350491889598,15.691347338432559],[107.53539953329727,15.690791217983875],[107.5354606345759,15.689994404777435],[107.53526949627798,15.689705998008762],[107.53621805883009,15.689398734242214],[107.53635379279474,15.68958658443694],[107.53659285843436,15.689721844334562],[107.53674551685884,15.689693885312089],[107.5370140092543,15.689522155351144],[107.53717753318445,15.689182217645207],[107.53720235241505,15.688999314311642],[107.5372260862381,15.68896345686239],[107.53727404468576,15.688958261518671],[107.53729518828864,15.688991180107843],[107.53738743256386,15.689013774214972],[107.53746479233092,15.68899532166662],[107.53764520472069,15.689012759329543],[107.53783843561483,15.689174725609808],[107.53794897776012,15.689095299119701],[107.5380109152269,15.689014379401353],[107.53800805196032,15.688986449454683],[107.53789784768196,15.688829263569865],[107.5380138061496,15.6885638419037],[107.53809009459312,15.688498481287676],[107.53818004519613,15.688483475090258],[107.53824098493124,15.688465096740371],[107.53826005264627,15.688339940005227],[107.5381257812378,15.68827076027185],[107.53776821970273,15.688239052040355],[107.53757236204247,15.688182194154328],[107.53736548439721,15.688046333960427],[107.53773806515623,15.68762751709089],[107.53730573312805,15.687277871880786],[107.53743460096281,15.687068678902959],[107.53753996771424,15.686850786613508],[107.53734531801813,15.68670987703996],[107.53672603953098,15.686440847883674],[107.53637538629559,15.68613900068557],[107.5361717499711,15.685760112833902],[107.53583730494462,15.685752103439606],[107.53534932222605,15.685723426854016],[107.53526245062871,15.68573906757938],[107.53521334533521,15.685949422166663],[107.53477522366562,15.685968513466628],[107.53468481711894,15.686241188934982],[107.53443616921336,15.686174244203977],[107.53425788793122,15.68635094054322],[107.53382947944431,15.686270351262669],[107.5334728854963,15.68647515935912],[107.53346932007183,15.686494406598092],[107.53346426377519,15.686511935156528],[107.53345687744869,15.686527292307668],[107.53344669510531,15.686540025693992],[107.53342185274703,15.6865651265152],[107.53340998655428,15.686582196433822],[107.53340110143522,15.68660333636719],[107.53339463896891,15.686627280454008],[107.53339060134914,15.68665194997525],[107.53338701226431,15.68669361122847],[107.53333573189323,15.686929721266077],[107.53340459300534,15.68744992168412],[107.53356582286963,15.688670471355389],[107.53395359818325,15.691373914850201]],[[107.53641757174198,15.687108901150594],[107.53652595384808,15.687311817880458],[107.53668432284661,15.687442751085165],[107.53671240379447,15.687622633078659],[107.53655006969593,15.68762627065458],[107.53659144216543,15.687763868164627],[107.53621311496296,15.687785641625648],[107.53603089164689,15.687537643690552],[107.5361324173006,15.687426395806538],[107.53595678154163,15.687213561755936],[107.53608736757428,15.687147351164604],[107.53641757174198,15.687108901150594]],[[107.53706479530832,15.688859815722118],[107.53695617820796,15.688882033611623],[107.53658783393007,15.688991123715656],[107.53640026343243,15.688859619655556],[107.5364262123441,15.688757245373795],[107.5365151218536,15.688667043360985],[107.53680527999538,15.68856320954704],[107.53695723181364,15.688675879700288],[107.53706479530832,15.688859815722118]]]}},{"type":"Feature","properties":{"name":"DN_2026_ARN_W_Plantation_Lo2","year":2026},"geometry":{"type":"Polygon","coordinates":[[[107.55411616462949,15.705522245389945],[107.55406467706784,15.705116125756563],[107.55413714211619,15.704659233772983],[107.55408816178983,15.704558688257459],[107.55400826311404,15.70420270353347],[107.55423138595957,15.704160425329075],[107.55422665129448,15.703940167098194],[107.5542551332536,15.703425031436936],[107.55427079486503,15.703243021843278],[107.55442077641418,15.702899534552959],[107.55466900602084,15.702846252089772],[107.55476373364388,15.702621021478596],[107.55451197159748,15.702269492615583],[107.55384978479997,15.702210062480765],[107.5531881635475,15.701950621767008],[107.55286151547422,15.701761886824759],[107.55281673934444,15.70175380268747],[107.55258044246949,15.70259339251315],[107.55240590940453,15.703432134059847],[107.55222746433364,15.703972259167625],[107.55217484936311,15.704062048411123],[107.5522130064965,15.704065065460881],[107.55224948517612,15.704067086814618],[107.55228148637853,15.704068109940739],[107.55230947625849,15.704068496779472],[107.55233401444596,15.704068428596848],[107.55237684062804,15.704067292400694],[107.55240884444396,15.704065604136284],[107.55243273109325,15.704063908528909],[107.55247080128593,15.704060327777722],[107.55250420687469,15.70405629090867],[107.55252314962658,15.704053506273654],[107.5525583301902,15.704047121142539],[107.5525893123919,15.704040551454911],[107.55264306614998,15.70402758540984],[107.55272360425646,15.704007322821457],[107.55276391904145,15.703998140538344],[107.55278407591112,15.703994091668374],[107.55280432573305,15.703990404396984],[107.5528228955329,15.703987348261885],[107.55283941202103,15.703985013305886],[107.55285396867222,15.70398321885547],[107.55286675191431,15.703982145837507],[107.55287785539569,15.703981432820202],[107.55289754202252,15.703981269818776],[107.55291209615389,15.703982096357405],[107.55292310451037,15.70398328121406],[107.55293952265897,15.70398618815219],[107.55294763791161,15.703988183811061],[107.55294801102768,15.703988274526639],[107.55295622444456,15.703985209041603],[107.5530312391846,15.70398428249608],[107.5530947484282,15.704014074467803],[107.55317669489236,15.70408175188945],[107.5532093654894,15.704163032163414],[107.55321092755246,15.70428531655215],[107.55319475381962,15.704513780459566],[107.55315142379571,15.704748094543826],[107.55315218897557,15.70482573091374],[107.5531722152662,15.70495779287405],[107.55322913865182,15.705142217579336],[107.55329230716454,15.705235816858144],[107.55338403235834,15.705322753758846],[107.55340985767882,15.7053427507833],[107.5534498839571,15.705342786789513],[107.55354736914542,15.70535823890624],[107.55354895206456,15.705361584357375],[107.5535484809684,15.705366374028078],[107.55354586428726,15.705370800253284],[107.55353830012245,15.705377843025335],[107.55353325994359,15.705379826834802],[107.55354248032575,15.705397007160451],[107.55356267373298,15.705452337345633],[107.55356928401916,15.705467075087055],[107.55359033931632,15.70549926898561],[107.5535942556385,15.705501712742365],[107.5536307143357,15.705524882567826],[107.55367397859463,15.705553752387399],[107.55369505035753,15.70556877425496],[107.553767493342,15.705623428320834],[107.55378567432975,15.705636820759242],[107.55381336619142,15.70565636751664],[107.55382763241334,15.705665689375667],[107.55384189898241,15.705674649717558],[107.55385141098023,15.705679629108666],[107.55386064428438,15.705683342941315],[107.55386950542027,15.705685971889897],[107.55387836733443,15.705687787426605],[107.55388667004483,15.705688969807138],[107.55389460006792,15.70568960957807],[107.55390990151531,15.705689623309905],[107.5539234312712,15.705688550901254],[107.55393528211836,15.705686934710537],[107.5539457337884,15.705684955747259],[107.55396383860123,15.705680453033738],[107.55397457147129,15.70567711863431],[107.55411616462949,15.705522245389945]]]}},{"type":"Feature","properties":{"name":"DN_2026_ARN_W_Plantation_Lo1","year":2026},"geometry":{"type":"Polygon","coordinates":[[[107.54153427175879,15.729732080043792],[107.54112221843462,15.729260540912525],[107.5409729997879,15.729089853082556],[107.54081676687252,15.728204351829675],[107.54092448824696,15.72761735378664],[107.54097309465845,15.727351867156008],[107.54113239982497,15.727421159532167],[107.54135372961898,15.727517534389595],[107.54137378272394,15.72752622993431],[107.54134873842361,15.727470803728558],[107.54101068939725,15.726721510346708],[107.54138455188432,15.726664387044572],[107.54138111401954,15.726650013512872],[107.5413443686501,15.726631179574163],[107.54134007855585,15.726629006378948],[107.54130019553558,15.72657591582879],[107.54119243733662,15.726560177209597],[107.54114592136484,15.726514852871125],[107.5411225230929,15.726401043439829],[107.54098593314451,15.726384102198786],[107.54051600986718,15.726393231826362],[107.54044285776071,15.726389636824077],[107.54041049277016,15.726376048911174],[107.54039634199522,15.726344312327605],[107.54038384153579,15.726250035128507],[107.54037378497412,15.726229509459145],[107.54035606925041,15.726216477881309],[107.54031680771828,15.726194658850108],[107.54028727754292,15.726146458523285],[107.54009013168151,15.726218029852557],[107.5400128264237,15.726260795087965],[107.53996311749403,15.7263266334737],[107.5399388655205,15.726408945309698],[107.53994821425972,15.726482703487774],[107.540005640257,15.726625918921401],[107.5400367275069,15.726793601682301],[107.54002713711532,15.726864449509312],[107.53999656182268,15.726925425844621],[107.5399439741726,15.726977523858357],[107.5398805006272,15.726998882555078],[107.53976263725302,15.727009885652123],[107.53980090143409,15.72718525755841],[107.53960174263587,15.727126048234318],[107.53938781993298,15.726905678920861],[107.53921593877241,15.726907591699115],[107.53912941230847,15.726933808371026],[107.53898477449665,15.727029650952877],[107.53896395176623,15.72704354916769],[107.53891466316789,15.727063204099057],[107.53886649466698,15.727082498587203],[107.5388034982576,15.727093463858466],[107.53867831903521,15.727231170485984],[107.53860137403719,15.727195486686997],[107.53859590880303,15.727156618472604],[107.53862133348655,15.727023605379312],[107.53859486531911,15.726992399026544],[107.53858093379175,15.72692930106842],[107.53856787947852,15.726920340912299],[107.53853542840905,15.726899793464746],[107.53851846110247,15.72688495488663],[107.53850634532023,15.726870753660844],[107.53844102690235,15.726781034498],[107.53838642874923,15.726701538524427],[107.53837421687352,15.726690048564755],[107.53835856454438,15.726666896391636],[107.53835464931392,15.72666318706051],[107.53835017206903,15.726661555898723],[107.53834569267538,15.72666200344918],[107.53834186412277,15.726664711102917],[107.5383391533397,15.726669317797265],[107.53833381518034,15.726688111428816],[107.53833212184803,15.726701395483015],[107.53833386962344,15.726725709098776],[107.53833105964203,15.726736009566663],[107.53832330726038,15.726743322737725],[107.53831798638392,15.726745396291406],[107.53830557517895,15.726746197663251],[107.5382862637255,15.726742383017633],[107.53826219658936,15.72673549087441],[107.5382566008267,15.726732683700027],[107.5382368348788,15.72671720973271],[107.538225829136,15.726712408972755],[107.53819662419806,15.726711024948992],[107.53818253891345,15.72670649233491],[107.53814719050742,15.726690551341296],[107.538119778029,15.726670279859924],[107.53811782925426,15.72665988439605],[107.53811821830425,15.726644610741882],[107.53804939822663,15.72660260811557],[107.53792744363636,15.726599778280523],[107.53785792483367,15.72660178943283],[107.53775023267417,15.72661262057326],[107.5376731789231,15.72659221037526],[107.53759833230393,15.726602983013409],[107.5375446773895,15.726514088346114],[107.53751701235583,15.72646751628822],[107.53751692486004,15.726461912712141],[107.53750797048667,15.726458559975518],[107.53749939085786,15.726453761541228],[107.53748997527758,15.72644525675836],[107.53747115537678,15.72641740173612],[107.53746248816243,15.726407090103093],[107.53745260368612,15.726400844334135],[107.53744803126708,15.726401020638969],[107.53742361244458,15.726373431296546],[107.53738102964657,15.72631536657261],[107.53736705611452,15.726293119753482],[107.53736156363628,15.726280732495015],[107.53732155471148,15.726260087125898],[107.53718851852675,15.726235916664534],[107.53692077852185,15.726265841985098],[107.53689238796382,15.726288951260118],[107.53682220611104,15.726300541597837],[107.53678904605144,15.726333859014261],[107.536752670649,15.726318639823992],[107.5367009054671,15.726297169444948],[107.53666920051374,15.726277255103328],[107.53656839119115,15.726219946712328],[107.53649422666844,15.726203063702124],[107.53638367238379,15.726184789370345],[107.53632574103335,15.72617072393599],[107.53624370023918,15.72610105186303],[107.5361698401651,15.726060760911004],[107.53615331992681,15.726064811774878],[107.53610058607815,15.726077503522502],[107.53611299064089,15.726083028790836],[107.53613052493246,15.726090818557175],[107.53614898836786,15.726102405145529],[107.53615756455169,15.726110457268886],[107.5361583061291,15.726115157697292],[107.53616529423842,15.726124925463125],[107.53621665144479,15.726179564618212],[107.53624935879168,15.72622243624256],[107.53626444475573,15.7262515530163],[107.53627449307382,15.726279580309344],[107.53627959479044,15.72630868730465],[107.53628013767464,15.726324956034702],[107.53627843421279,15.726347820223282],[107.53627580783089,15.726360922589018],[107.5362693493839,15.72638007658701],[107.53625700735256,15.726404014903439],[107.5362449537426,15.72641981940243],[107.53622562009136,15.726437333968859],[107.53613840762114,15.726494819873793],[107.53612449363213,15.726505019052437],[107.53611730104687,15.726512332693053],[107.53609627418355,15.726542860146685],[107.53608400267656,15.726588579831144],[107.5360742460268,15.726638640165786],[107.53607223578774,15.726687171651974],[107.53607464610312,15.72670226728687],[107.5360783682494,15.726712122232739],[107.53610137385616,15.726752544138558],[107.53613976257327,15.726805634158888],[107.53615336191147,15.726828694097664],[107.53615922417646,15.726844335387092],[107.53616098377684,15.726857080532573],[107.53616013444373,15.726866207966786],[107.5361567659953,15.72687506179609],[107.53615750908554,15.726878316163688],[107.53617112155045,15.726888813450538],[107.5362048842049,15.726904120557053],[107.53622922990066,15.726912278503612],[107.53627690006503,15.726923622550412],[107.53630329691188,15.726933409317127],[107.53637705524454,15.726982105360513],[107.53640055050218,15.727000475268559],[107.53641611714724,15.727016126048698],[107.53642971898162,15.727036836122037],[107.53645635411947,15.727086570566323],[107.53647620206077,15.727112799859578],[107.53649540531111,15.727130894421617],[107.53651824920865,15.727147546481225],[107.53655171937285,15.72717496401759],[107.53662407950245,15.727222393306349],[107.53667901071034,15.727250374078022],[107.53672451401468,15.727281689641174],[107.53674577137421,15.727298611263324],[107.53675435233797,15.727302144424119],[107.53676153824564,15.727301247656671],[107.53676424634276,15.727299261967428],[107.53680691922884,15.727270834311732],[107.53683016257234,15.727262361401857],[107.53685881495451,15.727256785896163],[107.5368658172484,15.727252996821914],[107.53688599994392,15.727226625899586],[107.53691243015811,15.727204418503602],[107.53697445152191,15.727144196340337],[107.5369911654126,15.727133457567605],[107.53700946004427,15.72712805269002],[107.53705443462002,15.727129452260586],[107.53709474711506,15.727127503255394],[107.53715326731464,15.727114003504575],[107.53717744242282,15.727106796770233],[107.53721702326382,15.727090567166103],[107.53724297700792,15.727077849046943],[107.53726034405736,15.727067110890026],[107.53726604120219,15.727062145605048],[107.5372735025255,15.727065587275261],[107.53729327059227,15.72707898261673],[107.5373035311574,15.727082517393],[107.53731482058663,15.727083703320586],[107.53732639239031,15.727082539671892],[107.53734935294204,15.727076777796889],[107.53739014558883,15.727061724267273],[107.53741329942152,15.727049545673298],[107.5374218915534,15.7270423237321],[107.53745178095326,15.727013612359428],[107.53750717429384,15.726956004573731],[107.53752332818127,15.726945355593196],[107.5375352756589,15.726941842448134],[107.53754777925144,15.726941944999023],[107.53756736979838,15.726946573391578],[107.53758667703747,15.726954455146378],[107.53761437580833,15.726968581208691],[107.53767892422438,15.726990696461527],[107.53769413046861,15.726994055273089],[107.53775272123045,15.727002427118581],[107.53777641607226,15.72700841516715],[107.53779404363146,15.727016385649252],[107.53779926390273,15.727021361563528],[107.53780196917614,15.727022087224922],[107.53780363894128,15.72703157863104],[107.53779702922702,15.727106767434002],[107.5377977481769,15.727133339524153],[107.53780266706728,15.72715901190906],[107.53780787628959,15.727174652520311],[107.5378177467645,15.727194455091807],[107.53782986008223,15.727211006203577],[107.53784524257254,15.727224397231858],[107.53786063087084,15.727232184774095],[107.53791193800205,15.727245791472532],[107.53793003401546,15.727251954821405],[107.53794010648038,15.727256935447224],[107.53794971042387,15.727263813573842],[107.53795343828692,15.727268245761072],[107.53795539108361,15.727274754937847],[107.5379540777995,15.727281441699033],[107.5379447243959,15.727302942784565],[107.53793666873581,15.727332759987624],[107.5379312434824,15.727345498137993],[107.53791535313405,15.7273719637083],[107.53791319751853,15.727381089880334],[107.53791614331648,15.727419865282393],[107.53791348566088,15.727463244561728],[107.53791701941435,15.727474906871214],[107.53792307800434,15.727481329659218],[107.5379313769095,15.727486941214133],[107.5379541342998,15.727497176140192],[107.5379854794253,15.727504436903848],[107.53804752557939,15.727510191040906],[107.53807056946104,15.727514099711591],[107.53809202387002,15.727521079718388],[107.53809715234665,15.727524609474333],[107.53809752222459,15.72752786347313],[107.53814738151921,15.72758810421282],[107.5381668560138,15.727614784886],[107.53817832443316,15.727623382011071],[107.5381822430447,15.727623837708832],[107.53819036440964,15.727620682330373],[107.53820120012625,15.727609485865633],[107.5382050344017,15.72760126510872],[107.53821748959881,15.72755798571252],[107.53823366686836,15.727524741982768],[107.53824235594888,15.727513995327227],[107.5382522555523,15.727505690075606],[107.5382631784018,15.727500458698216],[107.53827111108168,15.727499291468952],[107.53827894839398,15.727500112482254],[107.53828613037733,15.727503011573791],[107.53829219084899,15.727507626775878],[107.5383084072135,15.727526802829015],[107.53832322820884,15.727541820099038],[107.53833963811596,15.727554308300428],[107.53834924488986,15.727558475045925],[107.53838795892963,15.727568363885897],[107.53841109062537,15.72757760495985],[107.53844139656044,15.727597246557416],[107.53844670989349,15.72760249368313],[107.5384495972238,15.727607648078202],[107.53844940733245,15.727610811154948],[107.53845164661934,15.727610994083365],[107.5384552883788,15.727608467004803],[107.53846014654813,15.727602687465579],[107.53850807779045,15.727813226332035],[107.53850778957772,15.728092225649156],[107.5385576850038,15.728298428214709],[107.53915684652851,15.72829222950362],[107.53914633196189,15.72880701742401],[107.53955398506817,15.72892427081617],[107.53989288442712,15.729479704424737],[107.5389002059222,15.729772206549177],[107.53860431294818,15.729952045171894],[107.53861727442214,15.729960734099048],[107.5386336898587,15.729968070688196],[107.53865066722425,15.729973419485408],[107.53869087613369,15.729981954039747],[107.53871167847433,15.729988119946002],[107.53872948996607,15.729998982655395],[107.53873433587293,15.730005133109819],[107.53873507920152,15.730008206710801],[107.53873255911115,15.730008836922913],[107.53872947457516,15.730013895152753],[107.53872582652608,15.730022477612554],[107.53872591983857,15.730022477702901],[107.53873077143581,15.730023115052317],[107.53874486041134,15.730024303618041],[107.53875978966592,15.730025041102001],[107.53879011595023,15.730025341594402],[107.53883695948049,15.730024754278581],[107.53899428827772,15.730021110559024],[107.53902517499615,15.73002086928751],[107.5390402914356,15.730021064660074],[107.53905503425253,15.730021621185857],[107.53906949657328,15.730022719712696],[107.53908311842977,15.730024450078236],[107.53909571291776,15.730027083238596],[107.53910690622865,15.730031161105845],[107.53911641823886,15.730036864167216],[107.53912396835916,15.730044824803805],[107.53912974405256,15.730054229787205],[107.53913980076472,15.730074665128734],[107.53914548286784,15.730084341157866],[107.53915237933779,15.730092753056162],[107.53916086389022,15.730099449290305],[107.5391709360596,15.730104881753968],[107.53919201492164,15.73011439189979],[107.53920199387314,15.730119733893106],[107.53921047852137,15.730126339746558],[107.53921746830797,15.73013475173296],[107.53922315041645,15.730144427760077],[107.53923311364359,15.73016504376472],[107.53923870253409,15.730174629322528],[107.53924559901091,15.730183041217886],[107.53925436360093,15.730189647340026],[107.53926443596336,15.730194899041866],[107.5392857949629,15.730204228691528],[107.53929568070168,15.730209480211718],[107.53930444529448,15.73021608633185],[107.53931143508798,15.730224498315268],[107.53931190099983,15.730225131417177],[107.53931580971067,15.730235257623875],[107.53931906309417,15.73024746191164],[107.53932110239084,15.730260659194618],[107.53932258116092,15.730274488588423],[107.53932349959032,15.730288769335505],[107.53932349903222,15.730289311608143],[107.53932275243818,15.730289401266175],[107.5393238555701,15.730486880144804],[107.53932430027427,15.730508119606528],[107.53938801306089,15.730527431809891],[107.53946926939976,15.730546037891374],[107.53948970340414,15.73054750366786],[107.53950351443427,15.730546793960755],[107.53951713976817,15.730545180285018],[107.53952395327141,15.73054356003788],[107.53954355387292,15.730538788863965],[107.53956614754259,15.73052715178129],[107.5395831482987,15.730509815434614],[107.53959763806213,15.730484252188838],[107.53960456308286,15.73046491778958],[107.539609344604,15.730442960336285],[107.5395145978062,15.730204088003614],[107.53980150196561,15.730144714516534],[107.54002044713012,15.730020925509821],[107.54025876314515,15.730207335178937],[107.54087220066802,15.730116099024409],[107.54153427175879,15.729732080043792]]]}},{"type":"Feature","properties":{"name":"DN_2026_ARN_W_Plantation_Lo5","year":2026},"geometry":{"type":"Polygon","coordinates":[[[107.54174370093607,15.683126142921397],[107.54176901886926,15.68299864187818],[107.54182994227891,15.682626337277487],[107.54174504407153,15.682353672615609],[107.54174265371904,15.682226958604769],[107.5418253947707,15.681958701284817],[107.54178547297094,15.681952155991837],[107.54167838457064,15.681942925755399],[107.54165870418822,15.681939020708638],[107.54164052085824,15.681930778880622],[107.54162532851555,15.681916936384646],[107.54161424628138,15.681897855804204],[107.54160708638193,15.681874711891593],[107.54160291334235,15.681850034375852],[107.54160079260488,15.681825449193921],[107.54160197005487,15.681768330614949],[107.54152985498395,15.681769707988016],[107.54149272616674,15.681768859197163],[107.54146147731663,15.681765395005126],[107.54145019218782,15.681762401733483],[107.54144030788625,15.681757963728113],[107.5414320110849,15.681751990787877],[107.54142176509608,15.681736255027865],[107.54141003821032,15.681708949308799],[107.54140510207408,15.681700810468648],[107.54139876520331,15.681694025982107],[107.54139000140229,15.681688594870707],[107.54136789797549,15.681682247247576],[107.54128870121312,15.681675393275347],[107.54126435670588,15.681671122227415],[107.54125381864428,15.681667406624195],[107.54124505484829,15.68166197550704],[107.54123871798404,15.68165519101592],[107.54123359509116,15.681647232752324],[107.5412173990207,15.681611336728114],[107.54121190241645,15.681603920383036],[107.54119624045838,15.681593240683881],[107.54116658879089,15.681578751702926],[107.5411569876845,15.681571060301323],[107.54114888088066,15.681561743498682],[107.54114310826922,15.681550530959006],[107.54113920247858,15.6815383260291],[107.54113558786554,15.681515004726506],[107.54113578988847,15.681499821201513],[107.54113579292172,15.681496838688396],[107.54113626727872,15.681489066523714],[107.54112928511164,15.681474689554511],[107.54111484403263,15.681456057638929],[107.54106918000059,15.681408564923805],[107.541039727272,15.68138196529314],[107.5410056089289,15.681356445753638],[107.54089559751769,15.681286387094719],[107.54083808147,15.681243040451932],[107.54072891494711,15.681167921278096],[107.5406986115399,15.68115225668035],[107.54060116522308,15.68111095050171],[107.54053841111524,15.681081246038373],[107.54038114024542,15.68124775481367],[107.5400006151753,15.681697569084248],[107.5395308767483,15.681626260415465],[107.53931590731655,15.681289752294498],[107.53930763105893,15.68108196239218],[107.53917980371807,15.68101016851596],[107.53936429500824,15.680591347890058],[107.53936505235852,15.680580593485736],[107.53936078409856,15.680558084938523],[107.53935594627401,15.680545156045747],[107.53934868226153,15.680532857472208],[107.53933889793724,15.680522002540537],[107.53932733943574,15.680512772727228],[107.53929303042136,15.680491590944193],[107.53928492198318,15.680483991277596],[107.53927905454465,15.680474405424722],[107.53927226858036,15.680450809899973],[107.53926968391038,15.680424055146325],[107.53927027184025,15.680396580413634],[107.53927375045896,15.68037037377439],[107.53928142359864,15.680347605586507],[107.53928787005955,15.68033839310812],[107.53929618027793,15.680331170768099],[107.53932315626125,15.680316374540046],[107.53926737122713,15.680314061344063],[107.53923966524403,15.680312950110034],[107.53916484972522,15.680309985903351],[107.53894686238199,15.680279498713741],[107.53883002471818,15.680317074152537],[107.53868181828598,15.680467954842415],[107.53857265354135,15.680664153165669],[107.53847001684754,15.68086234608304],[107.53844001057352,15.680920702079394],[107.53830726615543,15.681184842662786],[107.5380807871353,15.681788628020401],[107.5380340405546,15.681886734611483],[107.53787822933273,15.681992327343323],[107.53770669872704,15.682052534326349],[107.53751210174886,15.682135403965935],[107.53727834600352,15.682195550172114],[107.53701356339094,15.682217977781175],[107.53686045678292,15.682233735439127],[107.53686029037516,15.682394068057432],[107.53685729249908,15.682406175955824],[107.53685289647976,15.682417107561996],[107.53684672971654,15.682426320237393],[107.53683832613046,15.682433452010839],[107.53682843139151,15.682439136263275],[107.53680696408426,15.6824491474433],[107.53679697605283,15.682454831603383],[107.53678866566088,15.682462053844933],[107.53678231231174,15.682471266336613],[107.536777916287,15.68248219794114],[107.5367750116956,15.682494305929138],[107.53677322565582,15.68250731879959],[107.5367721853797,15.682520874672228],[107.53677189114896,15.682534702409622],[107.53677243662997,15.682548440586082],[107.53677363552266,15.682561817882325],[107.53628750630517,15.683000315555804],[107.53615600082892,15.683145788012927],[107.53592998560289,15.683296500311416],[107.53580535113204,15.683383323150832],[107.53576903443084,15.683408593778339],[107.53573514499159,15.6834322399506],[107.53545445908613,15.683673458184586],[107.53520512602852,15.68390747649128],[107.53506470352742,15.684103551874044],[107.53494048676255,15.684236106499952],[107.53483859146141,15.684344913271273],[107.53456581722249,15.684601231428168],[107.5343825701909,15.68471077126658],[107.53431406178596,15.68474134228843],[107.53431396839916,15.684741432575574],[107.53432683663783,15.6849248246817],[107.53511591416523,15.684912044283916],[107.53583488563721,15.68494112837682],[107.53680655335218,15.684462163749345],[107.5384422414383,15.683735837199476],[107.53922966265102,15.683423523481753],[107.53976968178485,15.683193847088829],[107.54101724613722,15.683121925455183],[107.54174370093607,15.683126142921397]]]}},{"type":"Feature","properties":{"name":"DN_2026_ARN_W_Plantation_Lo4","year":2026},"geometry":{"type":"Polygon","coordinates":[[[107.53861992243499,15.687126856819171],[107.53880650061751,15.687225279244],[107.53892817534651,15.68729607323207],[107.53898831174408,15.687332734833705],[107.53903865419836,15.687458410499202],[107.53904699945464,15.687598958223841],[107.53896345912086,15.687640632836331],[107.5388554405257,15.68789810934232],[107.53884250915092,15.687953408934959],[107.53886843147006,15.688057008530635],[107.53882922076257,15.68817437326883],[107.53874391696809,15.688206917789783],[107.5387391886733,15.688268732599685],[107.5388359779056,15.688407558143098],[107.53895079830377,15.688703208960696],[107.53907218390762,15.688874685022261],[107.53918241687121,15.689004846971558],[107.53908586746739,15.689086095169676],[107.53911938083651,15.689156623260907],[107.53930190130778,15.689301948160994],[107.53943369316809,15.689424719656172],[107.53948367114387,15.689451700768025],[107.53964389711585,15.68941272073612],[107.53969563348986,15.68936251965348],[107.53988618375858,15.689046375581036],[107.53988665124552,15.68904538185888],[107.53998595106286,15.68882874789277],[107.54008820417975,15.688643297536455],[107.54005780196952,15.688540778333634],[107.53970723075594,15.6884237620009],[107.53953756710808,15.688296164129422],[107.53958628475387,15.68818721367345],[107.53973392493648,15.688047539010196],[107.5399793934895,15.687669718584575],[107.54045181312289,15.687138741850461],[107.54062219430678,15.686836857632409],[107.54088366287272,15.686593083828088],[107.54107985356205,15.686322133595],[107.54116412949914,15.686014924668404],[107.54124326064479,15.68553743630109],[107.54132356265168,15.685192625727446],[107.54133783096864,15.68473893552499],[107.54137769189309,15.68434681797813],[107.54153125939422,15.68387834793418],[107.54169962928464,15.683347710916808],[107.54174370093607,15.683126142921397],[107.54101724613722,15.683121925455183],[107.53976968178485,15.683193847088829],[107.53922966265102,15.683423523481753],[107.5384422414383,15.683735837199476],[107.53680655335218,15.684462163749345],[107.53583488563721,15.68494112837682],[107.53511591416523,15.684912044283916],[107.53432683663783,15.6849248246817],[107.53447670152876,15.685066506217872],[107.53470045499753,15.685207266210718],[107.53492534630628,15.685419878566941],[107.53503703681281,15.685490212991443],[107.53518742444253,15.68566813662033],[107.53526245062871,15.68573906757938],[107.53534932222605,15.685723426854016],[107.53583730494462,15.685752103439606],[107.5361717499711,15.685760112833902],[107.53670286573661,15.685937864972663],[107.53694661387094,15.686052070690977],[107.53740831374361,15.686237164606116],[107.53861992243499,15.687126856819171]]]}},{"type":"Feature","properties":{"name":"DN_2026_KNTBS_Lo3","year":2026},"geometry":{"type":"Polygon","coordinates":[[[107.54290881404383,15.682942694353184],[107.5429069440714,15.682854301657041],[107.54255280700626,15.68285812362306],[107.54248349238729,15.682857425238106],[107.54244002185914,15.682854311109294],[107.54241996738776,15.682851219188745],[107.54240131392746,15.682846501768825],[107.54238508813705,15.682839707927783],[107.54237203725896,15.68282993458256],[107.54236234851503,15.682816549256518],[107.54235564810129,15.682800184250208],[107.54234822311149,15.682762308290132],[107.54233927926091,15.68265809250468],[107.54233594025335,15.682638838551242],[107.5423308270731,15.682621209740667],[107.54232328604415,15.6826058381073],[107.54231285007226,15.6825933558624],[107.54227575245889,15.682561507142909],[107.5422316836422,15.682504345601982],[107.54218545571514,15.682460467754215],[107.54217371615636,15.68244554402426],[107.54216580161619,15.682430533547718],[107.54216143066624,15.682416972505276],[107.5421599483488,15.682406758239663],[107.54216116634376,15.682401607778209],[107.54216210446612,15.682396457050901],[107.54216052858351,15.682386513834212],[107.54215606416102,15.682373133461368],[107.54214824300718,15.682358032693582],[107.54213678378676,15.682342657331546],[107.54210845503302,15.682311359189637],[107.54209559837761,15.682294084533012],[107.54208600891525,15.682274824636272],[107.54207987194573,15.6822548449857],[107.54207644013532,15.6822351390434],[107.54206962135636,15.6821514413579],[107.54206415746823,15.682111669285705],[107.54205941785285,15.682093679306263],[107.54205243715653,15.682077765920138],[107.54204274810242,15.682064742096449],[107.5420295107998,15.682054878174384],[107.54201347194024,15.682047813345969],[107.54194035181787,15.682028221906679],[107.54192319228495,15.6820223309366],[107.54190799378038,15.682014543865478],[107.54189503663432,15.682004409063952],[107.54187192372211,15.681981521124385],[107.54185877981537,15.681971566901645],[107.54184339446093,15.68196405078614],[107.5418253947707,15.681958701284817],[107.54174265371904,15.682226958604769],[107.54174504407153,15.682353672615609],[107.54182994227891,15.682626337277487],[107.54176901886926,15.68299864187818],[107.54174370093607,15.683126142921397],[107.54169962928464,15.683347710916808],[107.54153125939422,15.68387834793418],[107.54137769189309,15.68434681797813],[107.54133783096864,15.68473893552499],[107.54132356265168,15.685192625727446],[107.54124326064479,15.68553743630109],[107.54116412949914,15.686014924668404],[107.54107985356205,15.686322133595],[107.54088366287272,15.686593083828088],[107.54062219430678,15.686836857632409],[107.54045181312289,15.687138741850461],[107.5399793934895,15.687669718584575],[107.54013635047085,15.68772418714066],[107.54048411693192,15.687754707184133],[107.54075842234853,15.68782374834193],[107.54080884327625,15.687965149667013],[107.54083184152252,15.688009547856934],[107.54086719706875,15.688103756808596],[107.54095604266719,15.688165751501543],[107.54107074919828,15.688209514260489],[107.54110790391735,15.688186051150673],[107.5411312422753,15.688171341625559],[107.54113386663094,15.688159414074775],[107.54114415980833,15.688129056486126],[107.5411519160376,15.688116410801458],[107.5411606950917,15.688107110124145],[107.54120261620419,15.688075336660324],[107.5412423187579,15.688023406504835],[107.54128433295027,15.68799181387204],[107.54129348516656,15.687982513545245],[107.54130133449065,15.687970048702203],[107.54130713328912,15.68795568393883],[107.54132606215404,15.687873456906749],[107.54133167573939,15.687857736277525],[107.54134036781963,15.687842199343299],[107.54135082989937,15.687829194715295],[107.5413867849304,15.687792715803761],[107.54139603373267,15.687780161912453],[107.54140295056902,15.687767244279975],[107.54140744104456,15.68775504736719],[107.54140969064426,15.687744655901822],[107.54140932904237,15.687733267774883],[107.54140879922096,15.687703803642874],[107.54141061330179,15.68766295396379],[107.54141728322072,15.687617589953806],[107.5414232751989,15.687596718066759],[107.54143159638375,15.687578921294046],[107.54144112496127,15.687566458046438],[107.54147221757606,15.687540910369336],[107.54148071707853,15.687531247894851],[107.54148819375182,15.687518240413677],[107.54149371292002,15.687503604240236],[107.54150907973008,15.687437913190568],[107.5415194657406,15.687407917186643],[107.54152731521224,15.687395271576126],[107.54153609440179,15.687385790124276],[107.54156625340393,15.687360874197775],[107.54157493957241,15.68735112151798],[107.54158279050651,15.687337029839117],[107.54158840469934,15.687320676548131],[107.54159206138819,15.687302694565854],[107.5415963927808,15.687263383728542],[107.5415985092685,15.687200301043767],[107.54159692637313,15.686829654313856],[107.54159600988085,15.6867215598794],[107.54159795261968,15.686645823933311],[107.54160427717987,15.686572984296609],[107.54160943983916,15.686541898758422],[107.54161664860678,15.686517051336326],[107.54162609254486,15.686496001970887],[107.54166234606244,15.686440905168425],[107.54167113749381,15.686419312903968],[107.5416775991745,15.686395187801832],[107.54168210317529,15.686369614767388],[107.54168558902585,15.686336087390455],[107.54169632938246,15.686232613392358],[107.54170505831806,15.686180653642788],[107.54170871029875,15.68616728099298],[107.54171170611357,15.686156980612397],[107.54172059054468,15.686135659571466],[107.54175665793723,15.686080020297918],[107.54176591663034,15.686057615060315],[107.5417728454838,15.686032767365111],[107.54177763053328,15.68600601966505],[107.54178328628623,15.685948634231377],[107.54178357422961,15.685940681132362],[107.5417864576949,15.68585717345909],[107.5417849786513,15.685383765580282],[107.54179038822434,15.685385126417566],[107.541800371865,15.685383780230607],[107.54181315720419,15.685379544573603],[107.54182687949688,15.685371333120688],[107.54183976674025,15.685358601910076],[107.54185144521513,15.685341892861809],[107.54186191382165,15.68532229052594],[107.5418876326555,15.685259682176694],[107.54189539367532,15.68524215598591],[107.54190380453265,15.685227793686558],[107.54193723892716,15.685192487202219],[107.5419473277554,15.685179391806395],[107.54195527461857,15.685162588823971],[107.54196098494266,15.685143343474715],[107.54196802488912,15.68510087192307],[107.54197837684565,15.685012219724582],[107.54198259577271,15.684991707646818],[107.54198849239866,15.684972733611357],[107.54199681223521,15.68495611174012],[107.54200680757273,15.684943197010693],[107.54202959425747,15.684920081585858],[107.54203996230142,15.684907619105386],[107.54204818682534,15.684892985484906],[107.5420601623401,15.684859285407688],[107.54207514296252,15.684806066267726],[107.54208141027105,15.684789532821348],[107.5420896347872,15.684774899199065],[107.5420999096197,15.684762346247632],[107.54212325547618,15.684739773619203],[107.54213408978181,15.684727492335448],[107.54214259389292,15.684713130114417],[107.54215035496132,15.684695513534038],[107.54217560762471,15.684632452806362],[107.54218598287156,15.684612850364276],[107.54219149514056,15.684604902226079],[107.54219756807491,15.684596050827754],[107.54221036195445,15.684583319504942],[107.54222417765271,15.684574927355934],[107.54223686991541,15.684570420447049],[107.54224666674713,15.684569254820234],[107.5422522628857,15.68457061582317],[107.54224957944294,15.684456645036104],[107.54225224977098,15.684399166366056],[107.5422555406777,15.684373772920447],[107.54226078613806,15.68435290029342],[107.54226835858731,15.68433727187252],[107.54227881987875,15.684324809468109],[107.54229291616329,15.68431569454671],[107.54230952867186,15.684309203011502],[107.54232791207663,15.68430433998261],[107.54238492656651,15.68429128910314],[107.54240209836365,15.684285249987859],[107.54241749971887,15.684277130468494],[107.54243010478868,15.684266568055094],[107.54246298055519,15.684229905265703],[107.54250182067473,15.684199484296743],[107.54251246788905,15.68418765471191],[107.5425203188181,15.684173382234752],[107.54252565297183,15.684157028647636],[107.54252837632848,15.684139316895662],[107.54252869337061,15.684102532838208],[107.54252600599497,15.684084635196557],[107.54252107843395,15.684067910360785],[107.54251353660833,15.684053261768547],[107.54250310064367,15.684040689154163],[107.54247830709187,15.68401888423673],[107.54246721763329,15.684006762897061],[107.54245836964031,15.683992203443166],[107.54245185658705,15.68397502520545],[107.54244693405911,15.68395332951345],[107.54244332172492,15.683927567997594],[107.54243974136674,15.683870173771057],[107.54243966852346,15.683757651522836],[107.5424451709844,15.683759373948877],[107.54245450131896,15.68375820786967],[107.54246626042868,15.683753880819827],[107.54247895674554,15.683745306833027],[107.54249305983123,15.683729413459552],[107.54250502305638,15.683707733782974],[107.54251484495946,15.683681713870412],[107.54252271020573,15.683653251861722],[107.5425376255408,15.683572105427857],[107.54253875051616,15.683566683738812],[107.5425423128464,15.683549605436],[107.54254905073479,15.683528914973598],[107.54255830502326,15.683510667136948],[107.5426001496668,15.68346108859159],[107.54260930946964,15.683444015593452],[107.54261641868746,15.683425133065926],[107.54263448460587,15.683365047978233],[107.54264178030986,15.68334625600571],[107.54265093992151,15.6833293637639],[107.54269334397917,15.683280056867204],[107.54270269007483,15.683263255179012],[107.54271906211441,15.683217629160778],[107.54273028835185,15.683186639707579],[107.54273898194904,15.68316929512387],[107.54275028505297,15.683154574010375],[107.54276522313694,15.683143200372141],[107.54278286392763,15.683134540670606],[107.54284203114678,15.683114170984771],[107.54286023113183,15.683106054081973],[107.54287591480632,15.683095404176044],[107.54288740529913,15.683079869819183],[107.5428959167626,15.683058096472298],[107.5429019138297,15.683031892160878],[107.54290558144251,15.683002883886987],[107.54290881404383,15.682942694353184]]]}},{"type":"Feature","properties":{"name":"DN_ARN_W_ Plantation_2026 — 6","year":2026},"geometry":{"type":"MultiPolygon","coordinates":[[[[107.54057736261922,15.72780645511276],[107.54055570554549,15.727723828023967],[107.54053347316601,15.727565101354216],[107.54048051679256,15.727430385971548],[107.54039382001692,15.72744060591559],[107.54014647945698,15.727413254552998],[107.54004677682792,15.727367155803995],[107.53996000897986,15.727537617278198],[107.53989518569269,15.727782933559725],[107.54001606102405,15.727838000261094],[107.54020758761294,15.727879126098115],[107.54026339541076,15.727871859050007],[107.54042682636934,15.727830532145868],[107.54057736261922,15.72780645511276]]],[[[107.53862133348655,15.727023605379312],[107.53859486531911,15.726992399026544],[107.53858093379175,15.72692930106842],[107.53856787947852,15.726920340912299],[107.53853542840905,15.726899793464746],[107.53851846110247,15.72688495488663],[107.53850634532023,15.726870753660844],[107.53844643119093,15.726788541184233],[107.53830832376902,15.72679527606479],[107.53798461601352,15.72671624183231],[107.53791117389704,15.726722316239659],[107.53777586498641,15.726639849543808],[107.5376667964881,15.726808119320093],[107.5378532187668,15.726911061401458],[107.53804763474209,15.727044197635106],[107.53824453221273,15.727124012563408],[107.5382992371413,15.727100295988624],[107.53842929217794,15.727120486217933],[107.53859590880303,15.727156618472604],[107.53862133348655,15.727023605379312]]],[[[107.54031346750033,15.729820385432864],[107.54029911591638,15.729711193964045],[107.54022276004393,15.729463663218429],[107.54014174738832,15.729389745783195],[107.54003995589603,15.729377808234092],[107.53989288442712,15.729479704424737],[107.53999197201995,15.729671493395893],[107.53996531837404,15.729729581356738],[107.53982064456646,15.729768033833688],[107.53983178049863,15.729918886891895],[107.53989570907544,15.730091481714394],[107.54002044713012,15.730020925509821],[107.54016813584165,15.73013648139472],[107.54030477693645,15.729923680131348],[107.54031346750033,15.729820385432864]]],[[[107.54138455188432,15.726664387044572],[107.54138111401954,15.726650013512872],[107.5413443686501,15.726631179574163],[107.54134007855585,15.726629006378948],[107.54130019553558,15.72657591582879],[107.54119243733662,15.726560177209597],[107.54114592136484,15.726514852871125],[107.5411225230929,15.726401043439829],[107.54098593314451,15.726384102198786],[107.54051600986718,15.726393231826362],[107.54044285776071,15.726389636824077],[107.54042370714245,15.726593332475298],[107.54048919626308,15.726608217491142],[107.54058017019484,15.72661246223246],[107.54065254142785,15.726649767770088],[107.54070875759827,15.726699078186133],[107.54073939290458,15.72676174013896],[107.54076670126467,15.726792856662215],[107.54079553059096,15.726796589833672],[107.54082249923742,15.726794898484028],[107.54086170510858,15.726780023538533],[107.54091715143139,15.726760916336609],[107.54096971026941,15.726736745136549],[107.54101068939725,15.726721510346708],[107.54138455188432,15.726664387044572]]],[[[107.53980090143409,15.72718525755841],[107.53960174263587,15.727126048234318],[107.53938781993298,15.726905678920861],[107.53921593877241,15.726907591699115],[107.53926329625426,15.727041578946878],[107.53928534612145,15.727376634774908],[107.53929359271277,15.727523779563466],[107.53929760845001,15.727520529800683],[107.5397311208122,15.727532877924649],[107.53980090143409,15.72718525755841]]],[[[107.54115415744147,15.727039510271764],[107.54108731117623,15.726891315278817],[107.5410338521311,15.72688322037762],[107.54099383191591,15.726873149997802],[107.54096147004128,15.726856398907467],[107.5409222002921,15.726842442940722],[107.5408671494398,15.726839769207874],[107.54081320013115,15.72685490115999],[107.54078369129853,15.72687692532543],[107.54078542865383,15.726911722866637],[107.54078540455008,15.726935311735852],[107.54079806133922,15.726968131408332],[107.54082256153708,15.727007921606743],[107.54083078783864,15.727084661174656],[107.54078399747249,15.727125196449448],[107.54071228985279,15.727168780702963],[107.54072893768759,15.727222481730806],[107.54074979737717,15.727263624129192],[107.54075631782493,15.72736602966829],[107.54076707691303,15.727429666724786],[107.54088230321005,15.727442701346773],[107.5409005702722,15.72737285596414],[107.54093094111587,15.727329141675511],[107.54094889665681,15.727290205571721],[107.54097625402144,15.727273421300616],[107.54101656024386,15.727277617329797],[107.54109574684732,15.727220212164289],[107.54109541509973,15.72717954134306],[107.5411068448055,15.727134724350224],[107.54114033724855,15.72704943872519],[107.54115415744147,15.727039510271764]]]]}},{"type":"Feature","properties":{"name":"DN_ARN_W_ Plantation_2026 — 7","year":2026},"geometry":{"type":"MultiPolygon","coordinates":[[[[107.55359394947318,15.703970599426716],[107.55347286434812,15.70385308805555],[107.55332169793256,15.703873106610576],[107.55317669489236,15.70408175188945],[107.5532093654894,15.704163032163414],[107.55321092755246,15.70428531655215],[107.55319475381962,15.704513780459566],[107.55332596812441,15.704576621716082],[107.55342104269425,15.704673141806927],[107.55355897540424,15.704638017978095],[107.5535293958729,15.704446477981827],[107.55359394947318,15.703970599426716]]],[[[107.55331200539467,15.702110885127288],[107.553286773748,15.702056002267518],[107.5532223507245,15.702006778009801],[107.55316117054907,15.702078393593487],[107.5530394871405,15.702002365472815],[107.55288644580612,15.702033046795414],[107.55273519642319,15.70204366545416],[107.55262949950351,15.702419095430223],[107.55282966693849,15.702475853457381],[107.55301355854058,15.702478911413378],[107.55318706273367,15.702417158004009],[107.55330515587524,15.702248436046743],[107.55331200539467,15.702110885127288]]],[[[107.55370927306333,15.705136232480891],[107.55361333656784,15.704770291523504],[107.55347831482158,15.704785896108898],[107.55339155684908,15.704773255368494],[107.5533178001603,15.704726824497369],[107.55324174938401,15.704737601531793],[107.55315142379571,15.704748094543826],[107.55315218897557,15.70482573091374],[107.5531722152662,15.70495779287405],[107.55322913865182,15.705142217579336],[107.55329230716454,15.705235816858144],[107.55338403235834,15.705322753758846],[107.55340985767882,15.7053427507833],[107.5534498839571,15.705342786789513],[107.55354736914542,15.70535823890624],[107.55370927306333,15.705136232480891]]],[[[107.55314802417843,15.703721474786946],[107.5530578461576,15.703578775242761],[107.55294404245755,15.70336058776905],[107.55289515745568,15.703355934348025],[107.5527561739006,15.70341735715371],[107.5526788113641,15.703531345801176],[107.55260277899833,15.703717277420733],[107.55257757124127,15.703831403510009],[107.55272266333134,15.703918569652597],[107.55283941202103,15.703985013305886],[107.55285396867222,15.70398321885547],[107.55286675191431,15.703982145837507],[107.55287785539569,15.703981432820202],[107.55289754202252,15.703981269818776],[107.55291209615389,15.703982096357405],[107.55292310451037,15.70398328121406],[107.55293952265897,15.70398618815219],[107.55294763791161,15.703988183811061],[107.55294801102768,15.703988274526639],[107.55295622444456,15.703985209041603],[107.5530312391846,15.70398428249608],[107.55314802417843,15.703721474786946]]]]}},{"type":"Feature","properties":{"name":"DN_ARN_W_ Plantation_2026 — 8","year":2026},"geometry":{"type":"MultiPolygon","coordinates":[[[[107.54243010478868,15.684266568055094],[107.5422751697675,15.6842441877064],[107.54213720188137,15.684233663051925],[107.5418643524615,15.684757241791095],[107.54180028876753,15.684913717691881],[107.54179888342225,15.685103603153168],[107.54160444539441,15.685396246772878],[107.5417849786513,15.685383765580282],[107.54179038822434,15.685385126417566],[107.541800371865,15.685383780230607],[107.54181315720419,15.685379544573603],[107.54182687949688,15.685371333120688],[107.54183976674025,15.685358601910076],[107.54185144521513,15.685341892861809],[107.54186191382165,15.68532229052594],[107.5418876326555,15.685259682176694],[107.54189539367532,15.68524215598591],[107.54190380453265,15.685227793686558],[107.54193723892716,15.685192487202219],[107.5419473277554,15.685179391806395],[107.54195527461857,15.685162588823971],[107.54196098494266,15.685143343474715],[107.54196802488912,15.68510087192307],[107.54197837684565,15.685012219724582],[107.54198259577271,15.684991707646818],[107.54198849239866,15.684972733611357],[107.54199681223521,15.68495611174012],[107.54200680757273,15.684943197010693],[107.54202959425747,15.684920081585858],[107.54203996230142,15.684907619105386],[107.54204818682534,15.684892985484906],[107.5420601623401,15.684859285407688],[107.54207514296252,15.684806066267726],[107.54208141027105,15.684789532821348],[107.5420896347872,15.684774899199065],[107.5420999096197,15.684762346247632],[107.54212325547618,15.684739773619203],[107.54213408978181,15.684727492335448],[107.54214259389292,15.684713130114417],[107.54215035496132,15.684695513534038],[107.54217560762471,15.684632452806362],[107.54218598287156,15.684612850364276],[107.54219149514056,15.684604902226079],[107.54219756807491,15.684596050827754],[107.54221036195445,15.684583319504942],[107.54222417765271,15.684574927355934],[107.54223686991541,15.684570420447049],[107.54224666674713,15.684569254820234],[107.5422522628857,15.68457061582317],[107.54224957944294,15.684456645036104],[107.54225224977098,15.684399166366056],[107.5422555406777,15.684373772920447],[107.54226078613806,15.68435290029342],[107.54226835858731,15.68433727187252],[107.54227881987875,15.684324809468109],[107.54229291616329,15.68431569454671],[107.54230952867186,15.684309203011502],[107.54232791207663,15.68430433998261],[107.54238492656651,15.68429128910314],[107.54240209836365,15.684285249987859],[107.54241749971887,15.684277130468494],[107.54243010478868,15.684266568055094]]],[[[107.54227575245889,15.682561507142909],[107.5422316836422,15.682504345601982],[107.54218545571514,15.682460467754215],[107.54217371615636,15.68244554402426],[107.54216580161619,15.682430533547718],[107.54216143066624,15.682416972505276],[107.5421599483488,15.682406758239663],[107.54216116634376,15.682401607778209],[107.54216210446612,15.682396457050901],[107.54216052858351,15.682386513834212],[107.54215606416102,15.682373133461368],[107.54214824300718,15.682358032693582],[107.54213678378676,15.682342657331546],[107.54210845503302,15.682311359189637],[107.54209559837761,15.682294084533012],[107.54208600891525,15.682274824636272],[107.54207987194573,15.6822548449857],[107.54207644013532,15.6822351390434],[107.54206962135636,15.6821514413579],[107.54206415746823,15.682111669285705],[107.54205941785285,15.682093679306263],[107.54205243715653,15.682077765920138],[107.54204274810242,15.682064742096449],[107.54192951451157,15.682135672555864],[107.54185209991486,15.682211155996246],[107.54176532062336,15.682321697652464],[107.54184994703391,15.682586408673307],[107.54201774506691,15.682894851919457],[107.54210734600208,15.6829460917381],[107.5421490704505,15.682923084666516],[107.54227575245889,15.682561507142909]]],[[[107.54290881404383,15.682942694353184],[107.5429069440714,15.682854301657041],[107.54255280700626,15.68285812362306],[107.54248349238729,15.682857425238106],[107.54244002185914,15.682854311109294],[107.54241996738776,15.682851219188745],[107.54240131392746,15.682846501768825],[107.54238508813705,15.682839707927783],[107.54237203725896,15.68282993458256],[107.5422797220401,15.682879645936705],[107.54229091733319,15.683063759130867],[107.5423553680677,15.68316938328903],[107.54242853260796,15.683330056667106],[107.5425616455627,15.683343739803403],[107.54267652606062,15.683212889136689],[107.54271906211441,15.683217629160778],[107.54273028835185,15.683186639707579],[107.54273898194904,15.68316929512387],[107.54275028505297,15.683154574010375],[107.54276522313694,15.683143200372141],[107.54278286392763,15.683134540670606],[107.54284203114678,15.683114170984771],[107.54286023113183,15.683106054081973],[107.54287591480632,15.683095404176044],[107.54288740529913,15.683079869819183],[107.5428959167626,15.683058096472298],[107.5429019138297,15.683031892160878],[107.54290558144251,15.683002883886987],[107.54290881404383,15.682942694353184]]],[[[107.5425423128464,15.683549605436],[107.5424846370923,15.683478693397307],[107.54234782345338,15.683526554978881],[107.5422913279659,15.683580096253898],[107.54222539602448,15.683647456579344],[107.5420954688962,15.683804141168281],[107.54207386247028,15.684135902888675],[107.54229279167028,15.684069862850828],[107.54248351483103,15.684127615424245],[107.54252565297183,15.684157028647636],[107.54252837632848,15.684139316895662],[107.54252869337061,15.684102532838208],[107.54252600599497,15.684084635196557],[107.54252107843395,15.684067910360785],[107.54251353660833,15.684053261768547],[107.54250310064367,15.684040689154163],[107.54247830709187,15.68401888423673],[107.54246721763329,15.684006762897061],[107.54245836964031,15.683992203443166],[107.54245185658705,15.68397502520545],[107.54244693405911,15.68395332951345],[107.54244332172492,15.683927567997594],[107.54243974136674,15.683870173771057],[107.54243966852346,15.683757651522836],[107.5424451709844,15.683759373948877],[107.54245450131896,15.68375820786967],[107.54246626042868,15.683753880819827],[107.54247895674554,15.683745306833027],[107.54249305983123,15.683729413459552],[107.54250502305638,15.683707733782974],[107.54251484495946,15.683681713870412],[107.54252271020573,15.683653251861722],[107.5425376255408,15.683572105427857],[107.5425423128464,15.683549605436]]],[[[107.5417864576949,15.68585717345909],[107.54178610296286,15.68574700082693],[107.54151372182777,15.685714656777707],[107.54148750852538,15.685988390508683],[107.54154213713944,15.6861204866381],[107.5416914302996,15.686279786688774],[107.54169632938246,15.686232613392358],[107.54170505831806,15.686180653642788],[107.54170871029875,15.68616728099298],[107.54171170611357,15.686156980612397],[107.54172059054468,15.686135659571466],[107.54175665793723,15.686080020297918],[107.54176591663034,15.686057615060315],[107.5417728454838,15.686032767365111],[107.54177763053328,15.68600601966505],[107.54178328628623,15.685948634231377],[107.54178357422961,15.685940681132362],[107.5417864576949,15.68585717345909]]]]}},{"type":"Feature","properties":{"name":"DN_ARN_W_ Plantation_2026 — 9","year":2026},"geometry":{"type":"MultiPolygon","coordinates":[[[[107.54113568294159,15.68472346853348],[107.54113212107487,15.6845565346635],[107.541054004607,15.684495454078496],[107.540894159627,15.684439175844707],[107.54086537486553,15.684305929318949],[107.54067351974919,15.684169182792791],[107.54052771663272,15.684066101277404],[107.54039346327143,15.68398119696022],[107.54027280811606,15.68400964117458],[107.54036643798004,15.684135267684718],[107.54093987014592,15.684716503058612],[107.54092977457681,15.685011039368122],[107.54108640987245,15.685013177346095],[107.54112931231072,15.684841497746486],[107.54113568294159,15.68472346853348]]],[[[107.5385746848373,15.686030513179517],[107.53848579601168,15.685921520287922],[107.53852179589255,15.685841659858811],[107.53855846331169,15.685747700908962],[107.53848214989938,15.685566778304926],[107.53833556880879,15.685494513906674],[107.5382211938357,15.685493137904103],[107.53817145616189,15.685415182856214],[107.53807564470296,15.685415451578299],[107.53800731259376,15.685275568709748],[107.53787161775249,15.685412271320912],[107.53795290492879,15.685564277603321],[107.53821724616783,15.685612073142675],[107.53817831256139,15.685732239815513],[107.53828273632855,15.685794069912047],[107.53833171232799,15.685887027147503],[107.53812820867876,15.686009113231448],[107.53801341779163,15.686048859259417],[107.53803722749576,15.68621011885851],[107.53814694094243,15.686208869449946],[107.53828594089012,15.686033849090672],[107.53835434496072,15.686013851094629],[107.53851998500224,15.6860600143118],[107.5385746848373,15.686030513179517]]],[[[107.5400449577812,15.685683246161105],[107.53972771454802,15.685548909056978],[107.53940985921723,15.685920784974495],[107.53946777971746,15.686207523633243],[107.53971080618096,15.686299492305315],[107.53979504519299,15.686030333548581],[107.5400449577812,15.685683246161105]]],[[[107.54088007115058,15.686364059423747],[107.54074151004347,15.686293521499097],[107.54029692003628,15.68643408735181],[107.5400506537451,15.686955429640477],[107.54039117156967,15.687139768300229],[107.5404714622904,15.686808063089705],[107.54033292112602,15.686809195652302],[107.54039694123274,15.686605722987556],[107.54067635566116,15.686511905762886],[107.54087508055115,15.686500888808776],[107.54088007115058,15.686364059423747]]],[[[107.53986386678359,15.686696042673358],[107.5397169105743,15.686624411487777],[107.53973568980463,15.68668877954661],[107.53964458465065,15.686738852424616],[107.53947897733683,15.686932918053941],[107.53948799122053,15.687058553843986],[107.53937994417915,15.687162837833256],[107.53957802375639,15.687326976369398],[107.53952039500595,15.687483186589802],[107.53965609708233,15.687521818672185],[107.5397089840588,15.687440799365813],[107.5397911442935,15.68738005312392],[107.53983751099918,15.68719780279278],[107.53985449389938,15.687103192065404],[107.53982243967761,15.686974370878929],[107.53985556417462,15.68687787769446],[107.53986386678359,15.686696042673358]]],[[[107.54115082553541,15.685244971229745],[107.54107378219474,15.685137527125663],[107.54089595002868,15.685062884725914],[107.54074190279381,15.684809765929597],[107.54055004167081,15.684678532425156],[107.54046517303794,15.684926271039892],[107.54050933962144,15.685161932017964],[107.54077039023699,15.685326310543228],[107.54108135258629,15.685399091880834],[107.54114433680162,15.685295667789834],[107.54115082553541,15.685244971229745]]],[[[107.53781867350379,15.685097157995965],[107.53776391856232,15.684819098378348],[107.53773733424269,15.684725078188324],[107.53764298941347,15.684660636619384],[107.53751124513983,15.684676144306103],[107.53746045470261,15.684714415761643],[107.5371140767025,15.684879834478687],[107.53704899259878,15.684937252322461],[107.53710806951987,15.68500500385901],[107.53722175500847,15.685041266150506],[107.5373427672103,15.685029363378614],[107.53745289117882,15.684991420744284],[107.53757637663219,15.685203931862846],[107.53776864239701,15.685213066012638],[107.53781867350379,15.685097157995965]]],[[[107.53811957518126,15.686329318444384],[107.53807537332865,15.686311019024673],[107.5379349342296,15.686253220983431],[107.537886035828,15.686085248986954],[107.5379817657207,15.6858029067246],[107.53781757086698,15.685803018665526],[107.53763647623711,15.686177284043168],[107.53740831374361,15.686237164606116],[107.53791721227482,15.686610924741073],[107.53811957518126,15.686329318444384]]],[[[107.53888642962397,15.684616740816669],[107.53861151139971,15.68415093190432],[107.53843172206776,15.684076104864829],[107.53834575104518,15.684124013086425],[107.53829640958246,15.684204945142833],[107.53831437324338,15.684335831658666],[107.53833527425044,15.68442279670551],[107.53843062714942,15.684504953283389],[107.53854693737077,15.684619576222111],[107.53872117324397,15.684742750696397],[107.53888642962397,15.684616740816669]]],[[[107.53966654040748,15.68415782339514],[107.53951140012612,15.684154059019813],[107.53934510444842,15.68411169185721],[107.53891939514543,15.684221182700956],[107.5391006082844,15.684635836651195],[107.53918202057852,15.684575722545604],[107.5391546802801,15.684399637441299],[107.53942968741715,15.684325429810663],[107.53961365746501,15.684326781731619],[107.53966654040748,15.68415782339514]]],[[[107.5387316310338,15.686728482774097],[107.53854838571782,15.686655460068394],[107.53836014154335,15.686725773811665],[107.53817612601706,15.686585598292826],[107.53807699511891,15.686728211059027],[107.53861992243499,15.687126856819171],[107.5387316310338,15.686728482774097]]],[[[107.53988897845613,15.683763260583346],[107.53987284546999,15.683574623597059],[107.5397856810195,15.683421889312593],[107.53971879291547,15.683420107830063],[107.53964927376225,15.683709977632738],[107.53956423944115,15.68384564548841],[107.53968238042381,15.683903692186309],[107.53965001082398,15.683992232727373],[107.53969932771737,15.684025810837905],[107.53977344878929,15.683979427140851],[107.53988897845613,15.683763260583346]]],[[[107.53959277793221,15.686585248299718],[107.53958521776529,15.686406561301501],[107.53938771802878,15.686314636327182],[107.5392086293472,15.686554782183428],[107.53925690812515,15.68660047020741],[107.53947322337419,15.686721515518515],[107.53959277793221,15.686585248299718]]],[[[107.53802793043234,15.683919809829062],[107.53781027449723,15.68401648538174],[107.53781111374768,15.684016847712648],[107.53778919964444,15.684097987011047],[107.53777432844856,15.68413457617598],[107.537808556757,15.684144008816538],[107.53789421041172,15.684132523331813],[107.53795113336527,15.684027648217942],[107.53802793043234,15.683919809829062]]]]}},{"type":"Feature","properties":{"name":"DN_ARN_W_ Plantation_2026 — 10","year":2026},"geometry":{"type":"MultiPolygon","coordinates":[[[[107.54100613571532,15.682580543068239],[107.54088299571487,15.68239324995766],[107.54078578537082,15.682394422338469],[107.54069976589473,15.682308027874656],[107.54036715986929,15.68251431645381],[107.54024982422229,15.682673090741453],[107.54026450406948,15.682823315141075],[107.54051433956093,15.682912939573766],[107.54069651303644,15.682753594526048],[107.54100613571532,15.682580543068239]]],[[[107.53783017472726,15.68290484002528],[107.53764582699242,15.682728692793079],[107.53759079477855,15.682448915607372],[107.53744175129883,15.682504806000138],[107.53739563987945,15.682619723599727],[107.53718726955705,15.682849445824095],[107.53733666615672,15.682993384458523],[107.53743201623114,15.68316736677645],[107.53756308032241,15.683177164651518],[107.53781364885252,15.683008037096336],[107.53783017472726,15.68290484002528]]],[[[107.54173513430968,15.682558281846143],[107.54169049739481,15.682233597022305],[107.54172356222284,15.682102307418896],[107.54150325436655,15.681966076800226],[107.5414060910641,15.682012981414568],[107.54124403095635,15.682302130895945],[107.54129412581665,15.682579823789728],[107.54166633241489,15.682604038634533],[107.54173513430968,15.682558281846143]]],[[[107.54160197005487,15.681768330614949],[107.54152985498395,15.681769707988016],[107.54149272616674,15.681768859197163],[107.54146147731663,15.681765395005126],[107.54145019218782,15.681762401733483],[107.54144030788625,15.681757963728113],[107.5414320110849,15.681751990787877],[107.54142176509608,15.681736255027865],[107.54141003821032,15.681708949308799],[107.54140510207408,15.681700810468648],[107.54139876520331,15.681694025982107],[107.54139000140229,15.681688594870707],[107.54136789797549,15.681682247247576],[107.54128870121312,15.681675393275347],[107.54126435670588,15.681671122227415],[107.54125381864428,15.681667406624195],[107.54124505484829,15.68166197550704],[107.54123871798404,15.68165519101592],[107.54123359509116,15.681647232752324],[107.5412173990207,15.681611336728114],[107.54121190241645,15.681603920383036],[107.54119624045838,15.681593240683881],[107.54116658879089,15.681578751702926],[107.5411569876845,15.681571060301323],[107.54114888088066,15.681561743498682],[107.54114310826922,15.681550530959006],[107.54113920247858,15.6815383260291],[107.54113558786554,15.681515004726506],[107.54113578988847,15.681499821201513],[107.54113579292172,15.681496838688396],[107.54113626727872,15.681489066523714],[107.54112928511164,15.681474689554511],[107.54094777184999,15.681536787532526],[107.54085675015257,15.681599062249191],[107.54082608905456,15.681751322010667],[107.54089007518543,15.68194560821817],[107.54113219076152,15.682011635576483],[107.54139433513858,15.68192241017818],[107.54160197005487,15.681768330614949]]],[[[107.53803970204974,15.683903462591884],[107.53770566591851,15.68368324603426],[107.53757392003328,15.683700922867425],[107.53734163365165,15.68378185776329],[107.53725380763095,15.683819189382026],[107.53714039750795,15.683877915953508],[107.53714583359475,15.683943626944874],[107.53740960213482,15.684001726116763],[107.5377128217268,15.683980691045608],[107.53781027449723,15.68401648538174],[107.53802793043234,15.683919809829062],[107.53803970204974,15.683903462591884]]],[[[107.53945015179939,15.683019017495202],[107.53920319448835,15.682943222650316],[107.53892891016977,15.682951273112094],[107.53883101734085,15.682980823047068],[107.5387521416814,15.683114869710858],[107.538852963201,15.683231194744927],[107.53910176909267,15.683233151921709],[107.53936093131087,15.68314320308878],[107.53945015179939,15.683019017495202]]],[[[107.53875250544438,15.68357743104259],[107.53869667990462,15.683522968828933],[107.53839739951893,15.683524396787757],[107.53809984233224,15.683573636624539],[107.53798216516104,15.683609132040619],[107.5380015416623,15.683726734207362],[107.53814846223561,15.683739891131511],[107.5384422414383,15.683735837199476],[107.53873501644136,15.683619711641663],[107.53875250544438,15.68357743104259]]]]}},{"type":"Feature","properties":{"name":"ST_2026_ANR_WO_Plantation_Lo4","year":2026},"geometry":{"type":"MultiPolygon","coordinates":[[[[107.71969412040733,15.606594943086183],[107.71883952667173,15.605881270419497],[107.71883803474044,15.605880095262895],[107.71860818594445,15.605688094602597],[107.7189439470489,15.605442126829777],[107.71937893292348,15.605820610569433],[107.71956860791484,15.60588345127798],[107.71966217609486,15.605668178096012],[107.7193540321749,15.605200145645552],[107.71909022879207,15.60507185892897],[107.71874564167182,15.60510253955988],[107.71876292844794,15.604875506438521],[107.71875351059767,15.604868636189638],[107.71837609757718,15.604899040434105],[107.7181957388675,15.604905160289949],[107.71818808962004,15.604919620048344],[107.71819340525985,15.604919440056467],[107.71825723571577,15.60524572253823],[107.7182221119776,15.605631099495188],[107.71779630831537,15.60559063750761],[107.71761862335832,15.605788544485547],[107.71777546949421,15.605863583257664],[107.71777808048655,15.605864848965856],[107.71803227964453,15.605986447703327],[107.71859937241432,15.606613227072534],[107.71875186799669,15.60647975695795],[107.7191510548897,15.606791535297512],[107.71889111895536,15.606978224559732],[107.71941369589464,15.60722720546458],[107.71969412040733,15.606594943086183]]],[[[107.7207777716606,15.605910187128526],[107.7205789310187,15.605375831683276],[107.72026950139373,15.604758220755043],[107.72011228013484,15.604697192667736],[107.72009073481297,15.604718790656074],[107.72011199684816,15.604721504959098],[107.71966495634777,15.605152016001796],[107.72010368733065,15.605432888000323],[107.72003984008417,15.605844742796883],[107.72007629558517,15.605899247141371],[107.7207777716606,15.605910187128526]]]]}},{"type":"Feature","properties":{"name":"ST_2026_ANR_WO_Plantation_Lo6","year":2026},"geometry":{"type":"Polygon","coordinates":[[[107.73035244663743,15.604941740278718],[107.73035142110957,15.604938667253089],[107.73034722532951,15.60493071340198],[107.73033985882492,15.604922849647862],[107.73032624422241,15.604914171911064],[107.7303111369424,15.604911549527488],[107.73028306627057,15.604916879457672],[107.7302470696448,15.604913441772682],[107.73022375534813,15.604915608807879],[107.73020314507838,15.604922023963365],[107.73019214017808,15.604928801503664],[107.73018607792511,15.604934946825766],[107.73018206780603,15.60493594064906],[107.73017544670807,15.604934855487526],[107.7301622981679,15.604928527673323],[107.73014756506933,15.604913884717377],[107.73013963962556,15.604899875038031],[107.7301321815335,15.604874748609793],[107.73012332933678,15.604800364730016],[107.73011820232716,15.604778672967424],[107.7301085063436,15.604750925303843],[107.73009806398169,15.60472661202799],[107.73009032499132,15.604713325406824],[107.73004025318652,15.604642824146019],[107.7300365236532,15.604635412613579],[107.73003428649051,15.604625199423658],[107.73003540651709,15.60461534806007],[107.73003951064645,15.604606491151825],[107.73004594605862,15.60459889978079],[107.73009602936428,15.604549918132845],[107.73011841265047,15.604531211410858],[107.73015804872422,15.604508348744256],[107.7302265948916,15.604478258237602],[107.73024655304036,15.604464341446512],[107.73026548571406,15.604446809344923],[107.73027350668305,15.604436958598919],[107.73028833656493,15.604414364824043],[107.73030120835799,15.604388697938619],[107.73030335336932,15.604387432804833],[107.73030009147318,15.604365741212659],[107.73029151481624,15.604335282243822],[107.73028200441084,15.604317295688508],[107.73026988222416,15.60430572590819],[107.73025701353255,15.60429894622234],[107.73023621798028,15.604293160008334],[107.73022185650133,15.604293610619726],[107.73019975426566,15.604299302597838],[107.7301830612022,15.604301650985597],[107.73015694961269,15.604300473686445],[107.7301346621744,15.604292518198228],[107.73012188682239,15.60428492508913],[107.73011107003144,15.604275434167596],[107.73010528946921,15.604261786201805],[107.73010389216863,15.604245788741446],[107.73011294472988,15.604175925496577],[107.73011201390074,15.604157939709104],[107.7301091237908,15.60414935330801],[107.73010455496853,15.604141851320096],[107.73009840064654,15.604135885655772],[107.73008348028688,15.604129648056581],[107.73006883915556,15.604129014067642],[107.7300640822711,15.60413759977643],[107.73005466233275,15.604148806094507],[107.73004403021358,15.604158475835105],[107.73002090106148,15.604175646015321],[107.73001567816476,15.60418142988771],[107.73000896245432,15.604194624818646],[107.73000597673962,15.604210350740104],[107.7300051332111,15.604254004405403],[107.73000876655104,15.604291693369834],[107.73000577828998,15.604333719992397],[107.73000726718685,15.604366799360404],[107.73001174165282,15.604385689274153],[107.7300292700293,15.60442473520614],[107.7300320662373,15.604440009750356],[107.73003187802188,15.604457633914473],[107.7300261852031,15.604501015997416],[107.73002376018444,15.60450472137426],[107.73001527330466,15.604510595330462],[107.73000035174817,15.604516468701423],[107.72999018668487,15.604517913863699],[107.72997964877187,15.604517551383251],[107.7299693908377,15.604515019797818],[107.72996202395038,15.604511403910267],[107.72994934211923,15.604501009006913],[107.72994440015631,15.60449468192729],[107.72993684774073,15.604480943415387],[107.72991232707291,15.604422284287486],[107.72990663905516,15.60441604751928],[107.72990039116691,15.604413245155593],[107.7298935835046,15.604412883011817],[107.7298822990289,15.60441785290305],[107.72987371864605,15.604426257496929],[107.72985291998091,15.604452375533423],[107.72983687890927,15.60446276781159],[107.72982773957692,15.604465116864528],[107.72981841395276,15.604465206389602],[107.72978409659022,15.604455984436145],[107.72977365194575,15.604455531573977],[107.72976898900555,15.60445688685144],[107.7297612481697,15.60446276086646],[107.72975723748222,15.604469629409055],[107.72974921459173,15.604498821544999],[107.72974483094934,15.604504967009689],[107.72974035435182,15.604508039531591],[107.72972981625355,15.604509575027883],[107.72971881250413,15.604504693471204],[107.72969568736276,15.604480379006105],[107.72968663867192,15.604509299903796],[107.72968234514641,15.604547349662235],[107.72967665378962,15.604575095924003],[107.7296682589082,15.60459362313336],[107.72965967837585,15.604603383424951],[107.72964307793242,15.604611877648376],[107.7296336589117,15.604613322863171],[107.72962424006911,15.604612960469293],[107.7296057758371,15.604607897455017],[107.72956810199636,15.604590992821453],[107.72955896368356,15.604582948115553],[107.72955775190727,15.604577344417208],[107.72955896484594,15.604571198661693],[107.72957388806287,15.604548695324496],[107.72958293560131,15.604531614265891],[107.7295871333707,15.604519051777702],[107.72958918633688,15.604505585286265],[107.72958956282557,15.604470517719841],[107.72958518149183,15.604453254653814],[107.72958079920313,15.604445662292123],[107.72957259347552,15.604437436912418],[107.72953324179234,15.604413120922707],[107.72940791430007,15.604325349841984],[107.7294067014034,15.604331043694716],[107.7294035302458,15.604335562418683],[107.72939280480338,15.604345503260081],[107.72938553035877,15.604350202360182],[107.72936874360175,15.604356798556884],[107.7293671582209,15.604357069549438],[107.72934952844527,15.604400812016802],[107.72937297949869,15.604896550790208],[107.72890769597242,15.605166924857615],[107.72895407226245,15.605809262854825],[107.72852341337126,15.605801267750936],[107.72853431587556,15.605883424602672],[107.72853515472659,15.605887853324324],[107.72794884694902,15.605909396241513],[107.72794362577413,15.605898098167566],[107.7279308466478,15.605925662908728],[107.72802055064304,15.60601081023081],[107.72837900372906,15.606261651374037],[107.72842945273635,15.606290487675269],[107.72904392095354,15.606310340386086],[107.72989602700818,15.606136076123974],[107.73035244663743,15.604941740278718]]]}},{"type":"Feature","properties":{"name":"ST_2026_ANR_WO_Plantation_Lo5","year":2026},"geometry":{"type":"Polygon","coordinates":[[[107.7336238306452,15.609096252672485],[107.73356964733716,15.609099592706164],[107.73342491325302,15.609065689205545],[107.73322880295468,15.60892070421052],[107.73308865076031,15.608739480814608],[107.73298384122866,15.608587001025436],[107.73295959204196,15.60861248641648],[107.73293459648636,15.60864158696222],[107.73292051288571,15.608661379173089],[107.73288796148412,15.60871379726535],[107.73287387793403,15.608732866430042],[107.73282966978674,15.608778776217925],[107.73279880104573,15.608782479401848],[107.73277296864086,15.60878139281568],[107.73273930316705,15.608772984800986],[107.73271906689988,15.608764125934657],[107.73269873777751,15.608750476898898],[107.73267924857159,15.608729778257539],[107.7326729079013,15.608719293633783],[107.73265481907433,15.608680699784717],[107.73264754580346,15.608670486227798],[107.73263850051643,15.608661628236513],[107.73261919700464,15.608650871446489],[107.73256846625175,15.608631616410465],[107.73251643037777,15.60860666729482],[107.73249059863217,15.608598079103674],[107.73247735611565,15.60859663196302],[107.7324641133922,15.60859762509191],[107.73244574108571,15.608603227210251],[107.73243221802657,15.608610818082825],[107.73242111943686,15.60862121094023],[107.73239733522713,15.608661247547895],[107.73236674343143,15.608698210674198],[107.73235732363337,15.60870679605521],[107.73234958279647,15.608711675974842],[107.73233606004352,15.608715561245763],[107.73232813320762,15.608714385664083],[107.73232076616,15.60871040833526],[107.73231284001304,15.608701188899033],[107.73230733885512,15.6086887159638],[107.7323051948718,15.60867759900426],[107.7323047295956,15.60866575913668],[107.73230687632655,15.608644791060518],[107.73231228712693,15.608623371344873],[107.73231797671788,15.608613429960153],[107.73232655767043,15.60859924092959],[107.73232842337977,15.608592824072257],[107.73232898422661,15.60857764021288],[107.7323270267361,15.608566794409569],[107.73231583690463,15.608553597974215],[107.73228842121377,15.608528379641264],[107.73227657865073,15.608514369727851],[107.73227536666136,15.60851012175214],[107.7322719168683,15.608501354576855],[107.73225578559006,15.60847396801969],[107.7322292101949,15.60843763295967],[107.73220086216867,15.608409883889468],[107.7321459370943,15.608365321908272],[107.73207665304835,15.608289396749775],[107.73206425125645,15.608272042704785],[107.73203804995039,15.608224229342467],[107.73200000466775,15.608179216799915],[107.73198695036781,15.60815860900308],[107.73198154280925,15.608142611231683],[107.7319809846497,15.60812670423783],[107.73198564885622,15.6081116110952],[107.73200131864725,15.608083142555907],[107.73200551665684,15.608066964810002],[107.73200757209038,15.608023763152739],[107.73201233288678,15.607970348732657],[107.73200963078912,15.607943053634331],[107.73200431681491,15.607923350274902],[107.73199639175978,15.607902110235003],[107.7319843637616,15.607876350839323],[107.73197261503478,15.607856375810728],[107.73195014245107,15.607827542623593],[107.73194053766119,15.607818955698221],[107.73192356576953,15.607807475994674],[107.73192599053996,15.60780666277041],[107.73192832253497,15.607800336334728],[107.73193018909524,15.607784248778668],[107.7319301907078,15.607765811179233],[107.73193214957682,15.607760569277508],[107.73194837744127,15.607748730778738],[107.73196040935748,15.607729480742668],[107.73196861669935,15.60772179908241],[107.7319760776879,15.607717461435138],[107.73201543366409,15.6077030037939],[107.73202317457323,15.607696948940472],[107.73202364129381,15.607691978057131],[107.73202112426632,15.607681312965305],[107.73201515684153,15.60766911112472],[107.7320078832759,15.607663055043709],[107.73197972099435,15.607645699703331],[107.7319769235741,15.607642174638896],[107.73197477862587,15.607642445604313],[107.7319716080492,15.607640366595477],[107.73196470797377,15.607629068480946],[107.73195389342538,15.60759092706883],[107.7319526827902,15.607571314424531],[107.73196219850932,15.607531818973793],[107.7319642523922,15.607506422252012],[107.73196182913256,15.607489972821908],[107.7319592185691,15.607482561415646],[107.73194625735363,15.607464484273759],[107.73193469423637,15.607455174144],[107.73192070619578,15.607448484845715],[107.73188265779254,15.60744098014265],[107.73185971628112,15.607442876240176],[107.7318364007699,15.607455798712325],[107.73179415436317,15.607464381357138],[107.73177662191945,15.607464741426924],[107.73177279873632,15.607460493231715],[107.73177438448866,15.607456245484666],[107.73177624969459,15.607455612976446],[107.73177802185822,15.607452540189898],[107.73178324599178,15.607433108838181],[107.73179043112044,15.607384304020904],[107.73178903325415,15.60737300635603],[107.73178660884679,15.607369752461144],[107.73177840258028,15.607365323142247],[107.73172310211088,15.607351671114978],[107.73171172504492,15.607347783812472],[107.73170426508865,15.607340552760645],[107.73170109525577,15.607330158751724],[107.73170100302295,15.60731859005367],[107.73170576039301,15.607304581488352],[107.73171294198366,15.607295905567694],[107.7317280508309,15.607282982426907],[107.73173607210418,15.607270149077108],[107.73174064307571,15.60725478478958],[107.7317424172508,15.60722893614407],[107.73174027268998,15.607224868848311],[107.73173020126623,15.607220620133514],[107.73172078234884,15.607219715547075],[107.73170940485814,15.607220708785665],[107.73168692930415,15.607226581641314],[107.73163945974436,15.607243930719948],[107.73161595836235,15.607249713102298],[107.73159749326587,15.607251157644601],[107.73158481033016,15.607250343159643],[107.7315591649853,15.607245370089505],[107.73153379976937,15.607236420302545],[107.7315099269814,15.607224036183124],[107.73147812818469,15.607201980691645],[107.73142917168582,15.607161576527517],[107.73140865635695,15.607147204311772],[107.731381519791,15.607132470012175],[107.73133489301372,15.60711140742859],[107.73131157984531,15.60709848105262],[107.73129106465367,15.6070827531199],[107.73127278823092,15.607060517987383],[107.7312563776636,15.607030510298259],[107.73124453686462,15.60699878577],[107.73122813118408,15.606915092123486],[107.73122123170758,15.606897919259188],[107.73121106820393,15.606881017257061],[107.73119419042764,15.60686140326861],[107.73117964338542,15.606849471812023],[107.73109888737723,15.60679749615923],[107.73108266172368,15.60678547417153],[107.73107175161631,15.606774717965655],[107.7310621472682,15.60676224464408],[107.73105011900532,15.606741365736251],[107.73100378061446,15.606627934339231],[107.73096966005913,15.606502483395477],[107.73094001313066,15.606406858365014],[107.73092751959184,15.606375404902607],[107.73092528180727,15.606371247210115],[107.73028563390714,15.60635058408106],[107.73025632539988,15.606620638087017],[107.730639860291,15.606958694865098],[107.73011937414485,15.60713805352179],[107.73013028404786,15.607150617382443],[107.7311164967572,15.607995399397362],[107.73126761210615,15.60757857796198],[107.7316863978524,15.607961735700721],[107.73185972749977,15.608377228701436],[107.73188751623702,15.60840145293463],[107.73192387797414,15.608502681956445],[107.7319283431939,15.608630299424913],[107.7319150870709,15.60878430650698],[107.73257851953908,15.608851964579175],[107.7328110177072,15.608784287964486],[107.73307847087591,15.608919608132801],[107.73299339685457,15.609193815644707],[107.73308824054477,15.609193732576726],[107.7330948618835,15.609193733085696],[107.73334003366944,15.609246624312775],[107.73346714510836,15.609242205264584],[107.7335669360547,15.609185001962262],[107.7336238306452,15.609096252672485]]]}},{"type":"Feature","properties":{"name":"ST_2026_ANR_WO_Plantation_Lo7","year":2026},"geometry":{"type":"Polygon","coordinates":[[[107.72930138890956,15.602732294498681],[107.72929047832108,15.60272940129813],[107.72928152655777,15.602721898879578],[107.7292753729092,15.602709877702749],[107.72912765419129,15.602731916562513],[107.7284627331099,15.601935871999393],[107.72846254662814,15.601935600839834],[107.72842347765778,15.601888870326032],[107.72793509050257,15.601989776832033],[107.72792287916249,15.601942325878209],[107.72792194700827,15.6019386201868],[107.72786844093406,15.601730378284438],[107.72767167446588,15.60171734361891],[107.72767130144624,15.601717343581049],[107.72759865639978,15.601712455652269],[107.72759585877212,15.6017122746065],[107.72745457861132,15.6017028606078],[107.7274544853564,15.601702860598232],[107.72745373932705,15.601702770141348],[107.72720344498923,15.60168620472728],[107.72716465215082,15.601675355051471],[107.72716474536576,15.601675716582905],[107.72717295038848,15.60168846107613],[107.7271879624215,15.601706629101239],[107.72721015479647,15.601727418901925],[107.72724391032868,15.601752367396841],[107.7272349565514,15.60176420630773],[107.72722096690684,15.601776948501222],[107.72719839760632,15.601791497413442],[107.72717955921928,15.601799539318947],[107.72715680420276,15.601806857772685],[107.72714290882519,15.60181038116641],[107.72713050578645,15.601811554823065],[107.72712248600058,15.60181028866309],[107.72711586523927,15.601807215039644],[107.7271102704628,15.601802514674882],[107.72709171512268,15.601780911819084],[107.72707819431946,15.601770426280048],[107.72706187547846,15.60176346528547],[107.7270493795385,15.601761475612575],[107.7270362305632,15.601761745381717],[107.72702289485689,15.60176400350019],[107.72688235620699,15.601794989266338],[107.72685242106579,15.601797697531643],[107.7268226730318,15.601795073366839],[107.72677893730541,15.601787567178395],[107.72673389710194,15.601770390136574],[107.72671300855687,15.601765417002378],[107.72669827439994,15.601764330876955],[107.72668344677405,15.601765142729803],[107.72666936494261,15.601768123791224],[107.72665649516965,15.60177336449127],[107.72664455765937,15.601781135941764],[107.7266358840303,15.60178926926002],[107.72662786295007,15.601799481397286],[107.72661890858319,15.601816200826468],[107.7266119119962,15.601837981767826],[107.72660761958713,15.601861660985636],[107.72660537877653,15.60188543080193],[107.72660537245271,15.601941285910321],[107.7266042525637,15.601948606606468],[107.72655109586177,15.60196044078372],[107.72653095191518,15.601968030592113],[107.72650026821668,15.60199261079474],[107.72647219681505,15.602006978283313],[107.72646016587483,15.602016105420129],[107.72644542967173,15.602032824223107],[107.72643097205614,15.60205984642441],[107.72642257780089,15.60207123345958],[107.72641651580872,15.602074848027122],[107.7264020608804,15.602078280933473],[107.72634909240239,15.602074750408107],[107.72632037023398,15.602071312861732],[107.72630311856433,15.602066791982315],[107.72628605371673,15.602059559708678],[107.7262779411798,15.60205386486665],[107.72627094788048,15.602046633677674],[107.72626563334916,15.602037866202227],[107.72625509936046,15.602004514685174],[107.72625248871795,15.602000176142512],[107.72624866491854,15.602003158284031],[107.72624111160333,15.602000174914023],[107.72622740475572,15.601985893324551],[107.72616045850877,15.601891709666532],[107.72613211570506,15.601833591973138],[107.72611645144129,15.601811356685797],[107.72607850027507,15.601780261692165],[107.72604577023301,15.601759199488933],[107.72603047707474,15.60175359423606],[107.7260160224668,15.601754406084519],[107.72600399161564,15.601762719772646],[107.72599886164966,15.601770853452262],[107.72599513030782,15.601780704512658],[107.72598495826112,15.601843156283616],[107.72597805517655,15.6018622258018],[107.72596415658968,15.601893134392503],[107.72595846580597,15.601912294422878],[107.72595697220109,15.601925399422704],[107.72595799650236,15.601938323936851],[107.72596153882581,15.601950073780484],[107.72596853169054,15.60196092019668],[107.72601384898232,15.602000963675131],[107.72602317316468,15.60201235262635],[107.7260297929202,15.60202401242379],[107.72603408083887,15.602039648706079],[107.72603352043843,15.602047150221045],[107.72603062904933,15.602051307405972],[107.72602857737509,15.602051849465017],[107.72603519767726,15.602058809479741],[107.72603883367101,15.602067034495308],[107.7260457317694,15.60209098606151],[107.72605412019116,15.602130121702475],[107.72605962032549,15.602146661920411],[107.72609290501474,15.602210474125929],[107.72611164441665,15.602252683823705],[107.72612478923658,15.602288656662784],[107.72613019549917,15.602310619694443],[107.72614361580273,15.60238373891942],[107.72614445289788,15.602402809281186],[107.72614277293688,15.602414648935458],[107.7261393212098,15.602425765354084],[107.7261337247581,15.602435616213937],[107.72612458469033,15.602444743645602],[107.72611413937226,15.602451069141798],[107.72608877296348,15.602459562146409],[107.726054734003,15.602466427356463],[107.72603440366703,15.602472390250872],[107.72601677740701,15.602481155231574],[107.72600316077525,15.60249290320251],[107.72599700480464,15.6025025732369],[107.72599224678035,15.60251983537982],[107.72598291291163,15.602591596422174],[107.7259725568012,15.602632628006123],[107.7259649079407,15.602649166789016],[107.72594970487057,15.602670223767264],[107.72593291708809,15.60268585774532],[107.72591118662174,15.602702756506849],[107.72589206835654,15.602710617509656],[107.72587472270159,15.602711971314369],[107.72586166727866,15.602709168088847],[107.72582847011596,15.602694251672741],[107.7258107517051,15.602693345920732],[107.72579928085236,15.602697140637035],[107.72578025402714,15.602720456693428],[107.72576906233428,15.60272940312327],[107.72575581993434,15.602730576609702],[107.7257299890363,15.602723433707352],[107.72570751155007,15.602748466604757],[107.72569296128728,15.602769071734969],[107.72568596533597,15.60278434525408],[107.7256832593979,15.602797359736549],[107.72568409726053,15.602809561186897],[107.72568866557353,15.602819774680148],[107.72569631170897,15.602826644437576],[107.72573547643405,15.602848340063874],[107.72574890362334,15.602861898608706],[107.72575673515968,15.602878258329278],[107.72576447153355,15.602910886515893],[107.72576857375572,15.602919563488797],[107.72577621948426,15.60292995807998],[107.7258291829908,15.602977775151803],[107.72587282305098,15.603007786244307],[107.72588587705835,15.603022881206893],[107.72592419893915,15.603075486812413],[107.72593790582748,15.603089858799896],[107.72577064461794,15.603550690218327],[107.72567057394211,15.60361240899999],[107.72553395006078,15.603647732590028],[107.72541561057137,15.603630095213004],[107.7252015108835,15.60350037527448],[107.72552934039396,15.603986568268773],[107.72555846692208,15.603727270085555],[107.72580411784969,15.603598324385052],[107.7261650583647,15.603245337861615],[107.72706463217422,15.602972574990961],[107.72735067985305,15.602670372476656],[107.72769839224497,15.60301114221705],[107.72772506515811,15.602994063018814],[107.72770828090594,15.60297797360259],[107.72768462111983,15.60272698475442],[107.72782677656367,15.602407685067215],[107.72813471497834,15.602316341272006],[107.72866290882898,15.602350285797234],[107.72876098556785,15.602620080876623],[107.72887939067843,15.602905242531376],[107.72888106903633,15.602907592583643],[107.72904763495306,15.60279237346357],[107.72930138890956,15.602732294498681]]]}},{"type":"Feature","properties":{"name":"ST_2026_ANR_WO_Plantation_Lo2","year":2026},"geometry":{"type":"MultiPolygon","coordinates":[[[[107.7057446230318,15.61228048469405],[107.70537981354344,15.612177196585789],[107.70506872643901,15.612053221765079],[107.70521184506534,15.611783827196973],[107.7050774781019,15.611692425251164],[107.70457446182209,15.611579165672339],[107.70444873857215,15.61162288373355],[107.70445656974636,15.611634725180808],[107.70450206754866,15.611692668401073],[107.70451763688892,15.61171526670809],[107.70451875554375,15.611717345687351],[107.70453441639522,15.611747897481727],[107.70454010181605,15.611763353695435],[107.70454448098863,15.611781611429253],[107.70454447891863,15.611791010983824],[107.70453897296885,15.611807549446509],[107.70452927143776,15.611819116122497],[107.70451649335915,15.611826072764176],[107.70450278419919,15.611826160306816],[107.70449028862771,15.611820734899394],[107.70447975174456,15.611814225332939],[107.7044274045173,15.611944091026436],[107.70443561009718,15.611949786688976],[107.70472515822264,15.612053151253583],[107.70469321129669,15.612290754566674],[107.70452137917646,15.612507722250008],[107.70445799064375,15.612802981658756],[107.7044569637877,15.61280750046235],[107.70390072950941,15.612951721863501],[107.70369047164264,15.613174103635505],[107.70370590527307,15.613386048745864],[107.7040707275161,15.613437822844993],[107.7044033706395,15.613510105996852],[107.70434277757691,15.613813771294147],[107.70439552143624,15.614001592549725],[107.70483636986408,15.613972761898415],[107.70484644398739,15.61396363555651],[107.70486080971006,15.613947098909579],[107.70488226648158,15.613915650965042],[107.70490288803069,15.613865313360042],[107.70491175100491,15.613850492806296],[107.70491800102924,15.613843263663028],[107.70492798130982,15.613836758327283],[107.70493656177658,15.613834410198749],[107.70495194955919,15.61383522677672],[107.70500622350545,15.613851687114646],[107.70502739282219,15.613855306660989],[107.70504763075645,15.61385332243491],[107.70506404609743,15.613846366507698],[107.7050710418254,15.613840854738624],[107.70507757195942,15.613832089182612],[107.70508270358087,15.613821515734132],[107.70509997045238,15.613758524179369],[107.70511434048453,15.613722013465349],[107.70511928697618,15.613705022975255],[107.7051230234808,15.613677005838678],[107.70512471140249,15.613634527432094],[107.70513049878589,15.613610397067866],[107.70510606497041,15.613608674851292],[107.70509366220108,15.61360478596321],[107.70508443047773,15.613599993919385],[107.70507734391776,15.613594388890808],[107.70507314842605,15.61358878445311],[107.70507109823514,15.61358173436878],[107.70507231246785,15.613573238866735],[107.70509283613316,15.613543779076695],[107.70510440476676,15.613523717008874],[107.70512669832289,15.613503657130732],[107.70514563493937,15.613481608197976],[107.7050832640236,15.613388955626382],[107.70460964493097,15.613164805483558],[107.70466086974116,15.61305084646735],[107.70457498081281,15.613034741031916],[107.70458496902003,15.612992083582217],[107.7045929035751,15.612958192599274],[107.70460951937312,15.612887608996294],[107.70465003223482,15.61271444865137],[107.7048218508216,15.612559481775701],[107.7052079710392,15.61244577197795],[107.70561584693662,15.612642070432875],[107.7057446230318,15.61228048469405]]],[[[107.7044274045173,15.611944091026436],[107.70443850852365,15.61191634656585],[107.70447975174456,15.611814225332939],[107.70446669717599,15.611806269158976],[107.70445326879286,15.611801837739874],[107.70443862731932,15.611800659760572],[107.70442398506766,15.611803006613254],[107.70440943563594,15.611807341851616],[107.70438220108079,15.611819989447197],[107.70436084300732,15.611827486580685],[107.70431215987055,15.611835158793784],[107.70429266882356,15.61183434131786],[107.70427597722225,15.611826022854771],[107.70426823870993,15.611816892830651],[107.70426460419473,15.611805142630628],[107.70426629021414,15.611771973398088],[107.70426247026244,15.611755342621215],[107.70424969876963,15.611732564118057],[107.7042490462342,15.611731298657492],[107.70422471274314,15.611698756669195],[107.70422406123019,15.611692881811578],[107.7042271413557,15.611681313769981],[107.7042439365609,15.61164290562407],[107.70424683204898,15.61162284179197],[107.70424636725473,15.611616063169887],[107.70424347923986,15.611602415137616],[107.70422064196339,15.611551616631747],[107.70421700801684,15.611537335781305],[107.70420741620164,15.611474700208337],[107.70420303734609,15.611455177142693],[107.70419707282292,15.611436828690898],[107.70417917580882,15.61139732875199],[107.70417442259624,15.61138377071002],[107.70415923444448,15.611324749180739],[107.70412017515976,15.611251261813614],[107.70408605383365,15.611199376372275],[107.70407962230854,15.611184281511603],[107.70407570892243,15.611168554514556],[107.70407496707195,15.61114957448789],[107.7040798237659,15.611117128960139],[107.70408216167796,15.611088207739279],[107.70408058290785,15.611058381896592],[107.70407462542477,15.611008490702865],[107.70407603152975,15.610976044453707],[107.70408340591234,15.610944955156581],[107.70410346711971,15.610897690427437],[107.70410757387297,15.610882597767658],[107.70410543038221,15.610875999554988],[107.70408230809477,15.610849242143612],[107.70406813785297,15.610826192194942],[107.70405872130857,15.610814440782045],[107.70404203569501,15.610779640861063],[107.70404175772909,15.610771506571961],[107.70404567635671,15.61076364430139],[107.7040899849634,15.6107160231199],[107.70409670214048,15.610704636599488],[107.70410108830542,15.61069117084414],[107.70409801415684,15.610675895923787],[107.70409130220696,15.610663783555621],[107.70408654722779,15.610658269361261],[107.7040707887816,15.610647872328968],[107.70405969165367,15.61064479707789],[107.70405437589514,15.610644795966698],[107.70404933967195,15.61064587947795],[107.70403861362813,15.6106515711969],[107.70401762684682,15.610667383367481],[107.70399803779833,15.610688347508257],[107.7039897344286,15.610703258527042],[107.70398758618899,15.610717990073496],[107.70398954134333,15.610732722478996],[107.70399420114904,15.610746822788219],[107.70400883527574,15.610780628099826],[107.70401256255435,15.610794457072434],[107.70401321218596,15.610808737302717],[107.70400649109409,15.61083765760633],[107.70399203030732,15.610862961075833],[107.70397971308438,15.61089450123686],[107.70397308921414,15.610905616631978],[107.70396525480983,15.610908507162101],[107.70394464538863,15.610904797250205],[107.7039123781042,15.610903254020252],[107.70389037010179,15.610898188104846],[107.70387936662601,15.610893305257488],[107.70386202339515,15.61088010608721],[107.70385027599072,15.610865642765827],[107.70384291151909,15.610852264928472],[107.70384104882467,15.610841147755009],[107.70384039752743,15.610834369092453],[107.70383368465772,15.610826414212225],[107.70382603845052,15.61082180320842],[107.70380990551294,15.610817913463633],[107.70379684931369,15.61081763957823],[107.70374984560351,15.610822871751733],[107.70371487299151,15.610825033517557],[107.70369090554951,15.610824486186662],[107.70367421281689,15.610821680878088],[107.70365444379586,15.610813271338245],[107.70364166978956,15.610802242242258],[107.70362964327776,15.610784886679157],[107.70361911069868,15.610759577960389],[107.70361491558842,15.610752708168892],[107.7036066169214,15.610746560553878],[107.70359561242425,15.610746287089624],[107.70356884496614,15.610755771372403],[107.70354030623602,15.610762363106463],[107.7035284620818,15.610763535546848],[107.7035101836485,15.61076208559567],[107.70349153297371,15.610757110730782],[107.70340229099324,15.610726724032181],[107.70335600989975,15.610835803289344],[107.70389914022827,15.611298845998512],[107.70365232528094,15.611526191018504],[107.70355576235116,15.611701870007822],[107.70366316469475,15.611846591596821],[107.70389905484159,15.611681154811576],[107.70416734376374,15.611763818554737],[107.70418981583562,15.611779368657995],[107.7044274045173,15.611944091026436]]]]}},{"type":"Feature","properties":{"name":"ST_2026_ANR_WO_Plantation_Lo3","year":2026},"geometry":{"type":"Polygon","coordinates":[[[107.70285838382611,15.611226592087512],[107.70284515518617,15.611164588336603],[107.7025697322514,15.610883355828841],[107.70261558629375,15.61101143466357],[107.70263691636961,15.611125860772296],[107.70263365186429,15.611127758055867],[107.70262600413788,15.611129835155282],[107.70259457564202,15.611130551421043],[107.70257713661906,15.611128649671569],[107.7025636164949,15.611117981873651],[107.70255466611104,15.611107134300804],[107.7025515904296,15.611098999406197],[107.70255093994263,15.61108887666767],[107.70254758244809,15.611089598985485],[107.70254385102353,15.611094207577112],[107.7025328417083,15.611114811917068],[107.70250717899799,15.61118629722142],[107.70249477030816,15.611208980004657],[107.70247676625178,15.61123084815422],[107.70245838825969,15.611256602575923],[107.70244738175897,15.611264915185826],[107.70244010749975,15.611265094372417],[107.70243367363553,15.611260664343403],[107.70243115647033,15.611257048585035],[107.70242714919948,15.61124457523091],[107.70242687312975,15.611228487470846],[107.70243070867035,15.611176790747177],[107.70242829447207,15.611131057772857],[107.70242121288152,15.611104574800338],[107.70240788153588,15.611084145957005],[107.70239529391034,15.611073930252351],[107.70238307805066,15.611069227828262],[107.70231108525344,15.611055203265469],[107.70229047680873,15.61104733570305],[107.70226875090746,15.611032327849113],[107.70221401892948,15.610984323994632],[107.70220161840287,15.610971668050308],[107.7021991952578,15.61096479861739],[107.70221179565172,15.610919791947849],[107.70221590515902,15.610893401781766],[107.70221544225333,15.610878760065816],[107.7022127409011,15.610865112046898],[107.70220724129756,15.610853542167288],[107.70220043514763,15.610845948738401],[107.70218598173872,15.610838444026058],[107.7021661181358,15.610835999434414],[107.70210932229014,15.610840777223615],[107.70206157208307,15.610847635719228],[107.70205280600898,15.610846458862511],[107.70204655851617,15.61084275190544],[107.70204394873377,15.61083642471207],[107.70204591011245,15.610823771892221],[107.70207045433303,15.61075011726757],[107.70207745668705,15.610715955025112],[107.70208184818716,15.61068007498657],[107.7020841897099,15.61063678331274],[107.70208288964487,15.610612832238306],[107.70207925951358,15.610582825172761],[107.70207180478307,15.610557065149207],[107.70206583843951,15.610547483531553],[107.70205959139629,15.61054187858765],[107.7020520382674,15.610538261726193],[107.70203972857944,15.610536180292398],[107.701966146511,15.610539689056338],[107.7019481464127,15.610544565660149],[107.70194404220167,15.610548089596188],[107.70194338861103,15.610551433525986],[107.70194786236509,15.610562912807831],[107.70194972402929,15.61057800673224],[107.70194888068083,15.610595269193473],[107.70194664011085,15.610605391302052],[107.70193721340699,15.610637835783956],[107.70193273190692,15.610659616466513],[107.70192843917592,15.61067172649356],[107.70192153649934,15.610678232368311],[107.70191332933419,15.610679857418921],[107.70188003701124,15.610675059973937],[107.70184646609376,15.610665201163679],[107.7018134551972,15.610653354103542],[107.70180301173842,15.610646754048517],[107.7017993757802,15.610641872712602],[107.70179490224378,15.610629489624452],[107.70178446938453,15.610577518638575],[107.70177803741383,15.610565135120353],[107.70177496063086,15.610561880752877],[107.70177281571883,15.610561699521526],[107.70173018958371,15.610590883014586],[107.70170705714898,15.610608954001405],[107.7016723551037,15.610650521331078],[107.70166470473995,15.610663895939378],[107.7016586382108,15.610683959041117],[107.70164818040156,15.610738636847586],[107.70164099562908,15.61075499410865],[107.70162000522245,15.610785447664082],[107.70161375373515,15.610798822578362],[107.70160936723619,15.610813011326156],[107.70160777827356,15.610828194873607],[107.70160926060748,15.610870041297877],[107.70159796878487,15.610901943071548],[107.70159535206376,15.610925260623075],[107.701596741603,15.61096511865913],[107.70160214105012,15.611005971761873],[107.70159934427373,15.61100172326997],[107.70158769642778,15.6109610495515],[107.701578003846,15.610933933314133],[107.7015714784692,15.61092218243208],[107.70155991727475,15.610909707397203],[107.7015499397669,15.61090455351844],[107.70153977487152,15.610903105191854],[107.70152625184453,15.610905090577086],[107.70149789897394,15.610914122355693],[107.70146264318893,15.610930563794117],[107.70142104195386,15.610963272285495],[107.70139454961247,15.610992007375977],[107.70137542658395,15.61101288100424],[107.70136675057175,15.611025261190976],[107.70134902316454,15.61105996331758],[107.70133269676913,15.611085627718994],[107.70131329354324,15.611108218506018],[107.70128157560585,15.61114987681305],[107.70124211639774,15.6111946967098],[107.70121319896396,15.611224696564348],[107.70120480300974,15.611235811481855],[107.70119724467786,15.61125415701201],[107.70131336818227,15.611582534528871],[107.70116225473087,15.61172331355932],[107.70076104334903,15.611762720237],[107.70076108099438,15.611604916183737],[107.70054627621906,15.61133454036966],[107.70035341845876,15.611712557823443],[107.7003725316809,15.611733168856313],[107.70038157501898,15.611744920341533],[107.70038791372632,15.611757123117469],[107.70039620795002,15.611781527679424],[107.70039993678515,15.611787945524634],[107.70041774545055,15.611804127622742],[107.700423805317,15.61181244398041],[107.70042781306361,15.611822477101315],[107.70042920791795,15.61183928815762],[107.70042762051013,15.61184760279004],[107.70042127610965,15.61185907966089],[107.70039954200621,15.61187841614737],[107.70035094051475,15.611933717934916],[107.70033732301863,15.611940403002405],[107.70030505427341,15.61194437244222],[107.70028733379216,15.611949248972111],[107.7002764204921,15.611957290352493],[107.70027147556051,15.611966327266593],[107.70026746139436,15.611982956338954],[107.7002668042439,15.61200094187591],[107.7002691327487,15.612013324508068],[107.70027630846366,15.612035198171618],[107.70028777372781,15.612058699651245],[107.7003331759941,15.61212161462646],[107.70037989785064,15.612126596099186],[107.70038344271438,15.61212243940444],[107.70038885757072,15.61209830907904],[107.70039193648348,15.612092706193675],[107.70039911916463,15.6120856581493],[107.7004091922186,15.612081412547164],[107.70044230036278,15.612077262520797],[107.70045647687957,15.612072837081168],[107.70046832062707,15.612073743554284],[107.70049247142849,15.61208802908847],[107.70050375520779,15.612090652659798],[107.70050197738036,15.612115235708973],[107.7004962835167,15.612136202662782],[107.70048704622072,15.612155361211492],[107.70046502994894,15.612184549096131],[107.70046288395832,15.61218879648783],[107.7004628828737,15.612193315504017],[107.70046474706822,15.612197473419359],[107.70046875638593,15.612200999155878],[107.70048582074986,15.61220995065394],[107.70050577525346,15.612222698775424],[107.70052218775669,15.612227673389386],[107.70053654545137,15.612245571926572],[107.70054269790212,15.612256780472018],[107.70054670538157,15.61226798853459],[107.70054698379623,15.612273682557914],[107.70054371691462,15.61228534088504],[107.70052981559311,15.612308836641299],[107.70052337681942,15.612324922890066],[107.70051431743383,15.612379962469573],[107.70051496832313,15.612388006465265],[107.70051757814306,15.61239406253485],[107.70052587700047,15.612399306462343],[107.70052802193047,15.612399487705893],[107.70070613521031,15.612062499486244],[107.7007288949654,15.61204397662265],[107.70073523916034,15.61203331316601],[107.70074895133276,15.612020662993302],[107.70076508669908,15.612014520746435],[107.70083047431572,15.611961301371464],[107.70104962741793,15.61198982010056],[107.70109596014187,15.61206267696271],[107.70118091844529,15.61206757639044],[107.70120246174572,15.612066135089936],[107.70122353928205,15.612062434175671],[107.70125692882935,15.612051324803458],[107.7012691473246,15.612045000890069],[107.70128621653146,15.612033526372446],[107.70133873230978,15.611988347841757],[107.70135878594054,15.611976331697246],[107.70137016466668,15.611971815198931],[107.70138042353298,15.61197046176387],[107.7013879772133,15.611971909520221],[107.70139441128994,15.611975435776314],[107.70139963254614,15.611980859750961],[107.70140746221801,15.611998395266673],[107.70140997548053,15.612018550636254],[107.70140269793805,15.612032557978345],[107.70140269793805,15.612032557978345],[107.70151338759143,15.61207271129529],[107.70175882377987,15.612171099110135],[107.70182855644319,15.612280474606044],[107.70181278441963,15.612328191962046],[107.70181502256756,15.612328553974125],[107.7018235051057,15.612346089617736],[107.7018329214234,15.612358564167241],[107.70184532194716,15.612371491271931],[107.70186807309838,15.612389572321934],[107.70189250398175,15.612403134720857],[107.70191357951887,15.612408110251659],[107.70192570336611,15.612407751382941],[107.70193726805493,15.612405675164998],[107.70196729987055,15.612396282177054],[107.7019777453156,15.612394747994319],[107.70198660473574,15.612395834494095],[107.70199191999264,15.612398185543897],[107.70199546302082,15.612401801531034],[107.70199602104456,15.612408399416921],[107.70199228886901,15.612416080929554],[107.70196159943735,15.612446080492017],[107.70194508743525,15.612467677780304],[107.70193930246897,15.612479968239814],[107.70193603416831,15.61249804359058],[107.70193724277779,15.6125142219336],[107.70194777042056,15.612560227822598],[107.70195056145991,15.61258924051792],[107.70194775962585,15.612606592928067],[107.70193469373933,15.61264744197833],[107.70193338458665,15.612662535206516],[107.70193552619513,15.612676996527167],[107.70193990709242,15.612686939321229],[107.70194661984404,15.612695346159558],[107.70195426580484,15.612701132172264],[107.70197049129379,15.612708546905901],[107.70198559884307,15.612710900095825],[107.7019783303155,15.612686224678507],[107.70197870655127,15.612672486951107],[107.70199120877221,15.612649261938873],[107.70200911909286,15.612630195602028],[107.70203365178075,15.61260715397489],[107.70204232628677,15.612601371527202],[107.70204792197997,15.612600920846678],[107.70206437894704,15.612414740961626],[107.70203225956595,15.612177124066447],[107.70228993110968,15.61219778687412],[107.70248120024654,15.612225394316791],[107.70249836981624,15.612182828892887],[107.70249552925381,15.611963475213201],[107.70263757517233,15.611912621744862],[107.70263757517233,15.611912621744862],[107.70263766843182,15.611912621764963],[107.7026492335627,15.611908466761793],[107.70279949231535,15.611831043139457],[107.70281015579761,15.611691498192451],[107.70274123778907,15.611688500831933],[107.70274114452968,15.61168850081188],[107.70258233288023,15.611648880016347],[107.70263850967679,15.611497866588326],[107.70263860297757,15.611497685847763],[107.70276593785442,15.611340722605942],[107.70285838382611,15.611226592087512]]]}},{"type":"Feature","properties":{"name":"ST_2026_ANR_WO_Plantation_Lo1","year":2026},"geometry":{"type":"MultiPolygon","coordinates":[[[[107.71556884084478,15.616967649737209],[107.71556091689553,15.616947855208704],[107.71554226941309,15.616918659446812],[107.71552418013248,15.616897688378616],[107.7154762512075,15.616852129179598],[107.71545611145214,15.61682356583785],[107.71544081952557,15.616805668132779],[107.71542133040059,15.616790300414738],[107.71541032662432,15.61678370092053],[107.71535679819588,15.616761097411315],[107.71534626065585,15.616754949888914],[107.71532928956279,15.616739853700667],[107.71531558314759,15.616721685096026],[107.71530924414873,15.616705054118958],[107.71530337524293,15.616665918519535],[107.71530291338699,15.616639437016683],[107.71530543762042,15.616602743010525],[107.71530338869094,15.616585931949823],[107.71529723600769,15.616570566325942],[107.71528455545376,15.616552578641736],[107.71527625634187,15.616545618046736],[107.71526590511026,15.616540826254441],[107.71525322177614,15.616539378164287],[107.71523885917014,15.616541273879152],[107.71521600866137,15.616549675631775],[107.71518578871509,15.616568560330235],[107.71516461553716,15.616585096570889],[107.71514045717464,15.616606422492207],[107.71511984247444,15.616629375818869],[107.71510707154373,15.616594396612435],[107.71510026540157,15.616582826852222],[107.71508711799034,15.616568183153879],[107.71507490217222,15.616559595083421],[107.71506166011025,15.616553175976485],[107.71502827423218,15.616542686549895],[107.7150179232976,15.616536177520125],[107.71501596532497,15.616533104277947],[107.71501661925926,15.616526596999902],[107.71503415571586,15.616507258405225],[107.71503527632491,15.616498582073973],[107.71502073346217,15.616463512199882],[107.71501178557712,15.61643269109016],[107.71500376840962,15.616413077286502],[107.71499034186006,15.616394727945071],[107.71496880198977,15.61637384666085],[107.71495350901836,15.616362546683664],[107.71491219863711,15.616336239421178],[107.71489681299431,15.61632150497346],[107.71486558017779,15.61626401810496],[107.71486315697982,15.616254618165286],[107.71486409090245,15.616246935988274],[107.71485681655423,15.616246663684073],[107.71485066171304,15.616244222431279],[107.71483751360195,15.616233916972385],[107.71482502003225,15.616213579403073],[107.71481569781635,15.616190530931517],[107.71480814769298,15.616166759700842],[107.71479658663652,15.61614705494131],[107.71478549022379,15.61613711132916],[107.7147721551834,15.616129246104716],[107.7147623640467,15.616121562208415],[107.71474147772177,15.616096794652908],[107.71472077736841,15.616075280816425],[107.71470716423504,15.616057564089424],[107.71469215176592,15.616042287405147],[107.71468264139487,15.616028909590716],[107.71468021865654,15.616016888619878],[107.71468432596114,15.615994655723332],[107.71469132391807,15.61597504432021],[107.71470251898924,15.615953354843871],[107.71470419872891,15.615947299632763],[107.71471343277513,15.615940432212035],[107.71473087650487,15.61591783993437],[107.71474971867184,15.615898049669289],[107.71476986601512,15.615881061401508],[107.7147864682539,15.615870941467561],[107.71479850053359,15.615861724603448],[107.71480857446386,15.61585169400224],[107.71481491795721,15.615841572422969],[107.71481361353199,15.61583434178904],[107.71480717961333,15.615827833376173],[107.71478526483249,15.615818339932476],[107.71474684561895,15.615792394622384],[107.7147462908837,15.615764105495218],[107.7147475995825,15.615746300783345],[107.71475058721478,15.615727140636041],[107.71475562657798,15.615708071198068],[107.71476402329768,15.615689273439235],[107.71476924734512,15.615680959287921],[107.71477307173355,15.615676983167194],[107.71439592610302,15.615661286590031],[107.71444810976067,15.616450044013979],[107.71420974397117,15.61638800442732],[107.71373879523424,15.616793554028932],[107.71382280785924,15.617417824623027],[107.71388166098724,15.617390358694236],[107.71391178648861,15.617379608388585],[107.71399880379296,15.617357389109653],[107.71403014044435,15.617353779029866],[107.71408600453525,15.6173527939847],[107.7140980358163,15.617349994161586],[107.71410848206811,15.617344753810803],[107.71411547786262,15.617338157191515],[107.71412126169123,15.617329029725703],[107.71412191488633,15.61732695108544],[107.71413227910664,15.617257088805083],[107.71413126191298,15.61720710833246],[107.71413443627343,15.617187225184297],[107.71413891466614,15.617176741800268],[107.7141243697086,15.617154325111095],[107.71409332003024,15.617116812213965],[107.71408502224155,15.617102350009477],[107.71408101404273,15.617090509534684],[107.71407766099003,15.617065383262451],[107.71407719935362,15.617038540237099],[107.71408243379823,15.616970846245819],[107.7140803844772,15.616956836963798],[107.71406715071451,15.61690278737847],[107.71406379815441,15.616874859316269],[107.71406436030605,15.61686003703832],[107.71407462668166,15.616816475410367],[107.71408162500774,15.616795237182881],[107.71408638302239,15.61678565764829],[107.71411632697756,15.616745714445575],[107.71413479854147,15.616712638269584],[107.7141435665367,15.616704595853358],[107.7141584893619,15.616699085089357],[107.71417779471597,15.616698003673829],[107.71420297475541,15.616701532609321],[107.71422432987634,15.616711929822435],[107.71425640826118,15.616732903273808],[107.71426871703538,15.616743118250236],[107.71428363562092,15.616762100539782],[107.71428913587155,15.616774754676484],[107.71430285179903,15.616737429839091],[107.71464591752566,15.616450075928915],[107.71483753739663,15.616641622547027],[107.71505856272141,15.616669856460424],[107.71538418517765,15.616951623411067],[107.71556884084478,15.616967649737209]]],[[[107.71365173248873,15.615486459604375],[107.71346601916372,15.615131505304396],[107.71314626254468,15.614934242056478],[107.71293331677705,15.615107917212512],[107.7129299567692,15.615122467876851],[107.71292836865425,15.615137380361313],[107.71294253424276,15.615193508927534],[107.71294999173077,15.615212399671227],[107.7129688244032,15.61524611470377],[107.71299940635089,15.61528886974486],[107.7130059324522,15.615300981805984],[107.71301348321093,15.615319872563063],[107.71302298893922,15.615358376177337],[107.71302942060109,15.615377085984814],[107.71306233163304,15.615433669596758],[107.71308862162824,15.61548754068202],[107.71311360937342,15.615522431679297],[107.71311621957072,15.615528668359111],[107.71311565908316,15.615533819942948],[107.71310894158286,15.615548912327773],[107.71308403404976,15.61558695825698],[107.71307274684496,15.615601507590986],[107.71306155362768,15.615611989826084],[107.71304989491246,15.615617952966641],[107.71302424679241,15.615625179077437],[107.71301146894112,15.615631142027631],[107.71299925036456,15.615638731916881],[107.71297014885158,15.615661141332424],[107.71296296705795,15.615664936095206],[107.71309938673508,15.615784984101404],[107.71349469827452,15.6159146554971],[107.71365173248873,15.615486459604375]]],[[[107.71475721043325,15.615171212372523],[107.71474499861748,15.615139758062806],[107.71472299698537,15.615093208667679],[107.7147002503733,15.615040242147813],[107.71468337808042,15.614993874332862],[107.71467349856654,15.614957991757816],[107.71466809498979,15.614925544354069],[107.71466539734112,15.614885143916968],[107.71465887827438,15.614831456957951],[107.71465525569751,15.614746227732006],[107.71464714945537,15.614702753493118],[107.71463866760314,15.61467428232688],[107.71462226077449,15.614633066259085],[107.71459708938276,15.614580551237731],[107.71456856308593,15.614513665200917],[107.7145549514343,15.614487994993924],[107.71452520983958,15.614438190636276],[107.71449789319095,15.614387482862904],[107.71447290617283,15.614347801862237],[107.71446059995891,15.614323487564981],[107.71445221077032,15.614298721998978],[107.7144464331289,15.614272510769919],[107.71443711753633,15.614211773683586],[107.71439937976768,15.614021878506582],[107.71439304240646,15.613996661368416],[107.71438334840406,15.613967195810625],[107.71436339844195,15.613922183173008],[107.71435770913521,15.61392462251925],[107.71434894117306,15.613933207228277],[107.71433830665876,15.613949564342303],[107.71433280387186,15.61395200371816],[107.71432207868823,15.613953357682178],[107.71425884825815,15.613952533985035],[107.71424998904966,15.613949459612902],[107.7142426233235,15.613938793535853],[107.71423674855895,15.613935086986451],[107.71422835548134,15.613933006872912],[107.71421417999153,15.613932462283136],[107.71421119526633,15.613934721305304],[107.71420410510754,15.613948367580123],[107.71419234802194,15.613984517796013],[107.71419057444277,15.613993917061121],[107.71413451737838,15.614573968848031],[107.7145938220336,15.615142987449058],[107.71475721043325,15.615171212372523]]],[[[107.71550324966513,15.615462174614391],[107.71550241246031,15.615449340477968],[107.71548843044285,15.61540658839257],[107.71548507402615,15.61540071314481],[107.71548264938912,15.615399808960804],[107.71548264890541,15.615402701130883],[107.71548022382997,15.61540441797598],[107.71544954516901,15.615379106665841],[107.71544003346256,15.615373591970792],[107.71543005492143,15.61537124051301],[107.71541737087054,15.61537449220872],[107.71540160809775,15.615384341182162],[107.71539013612136,15.61538949105379],[107.71537297524873,15.615394459267826],[107.71536159713888,15.615395993940052],[107.7153437842873,15.61539590075127],[107.71533128778812,15.615393006609985],[107.71532019073699,15.615386949377756],[107.71531189189854,15.615378633078738],[107.71528550658506,15.615333619514079],[107.71525464409919,15.615292491591916],[107.71524690553345,15.615280017884334],[107.71523739624223,15.615260223090587],[107.71523273553585,15.615246303784245],[107.71522900812536,15.615228317511127],[107.7152263150227,15.615160260704913],[107.71522370592359,15.615147155145763],[107.71521643469052,15.615128626029513],[107.71520869599608,15.615116965743276],[107.71519862544349,15.615107293454512],[107.71516486938754,15.615081168193814],[107.71515507900304,15.61506923643945],[107.71513587216658,15.61504013093014],[107.71512431010319,15.615026572047507],[107.71511451905144,15.615018617025264],[107.71510500721779,15.61501400611877],[107.71509334969582,15.615013461985448],[107.71508821967313,15.61501743790462],[107.71508644831209,15.615013912790712],[107.71507908143427,15.61500957336481],[107.71506882322394,15.615006679564216],[107.71504177820412,15.615002879290193],[107.71503301262848,15.614997274315764],[107.71503002912186,15.614992302923406],[107.7150267672417,15.614979016497218],[107.71502118071727,15.614925148936974],[107.71501269693513,15.61490770418451],[107.71500607659392,15.614900743845682],[107.71500066793928,15.614897941194396],[107.71498751857243,15.614895498831123],[107.71497362255153,15.61489640041993],[107.71493818129203,15.614908957632837],[107.7149157983011,15.614911213568556],[107.71490078353276,15.614909855466125],[107.71484771979544,15.614899905149182],[107.71483596946635,15.614896739958057],[107.71483233284737,15.614893485684563],[107.71482794926374,15.614895382969763],[107.71481778401537,15.61489429677872],[107.71479820054608,15.614886611315344],[107.71477582007036,15.614874135244882],[107.71476556156246,15.61487304903649],[107.71475642113533,15.614878108868758],[107.71474401500326,15.614892386969476],[107.71473739138254,15.614904677630376],[107.7147327259921,15.614918414690463],[107.71473150970888,15.614941190336049],[107.7147373813454,15.614963424837127],[107.71474707689606,15.614984394626969],[107.7147702919476,15.615024888733233],[107.71478725746182,15.615071618077643],[107.71481485336142,15.615126392971247],[107.71481876805701,15.6151396795049],[107.71481867365597,15.615146367633383],[107.71481643426797,15.615152965038131],[107.7148122364764,15.615159110227676],[107.71480598714344,15.615164080144455],[107.71479666032118,15.615168326525533],[107.7147915307515,15.615169591028199],[107.71499475093286,15.615143051679935],[107.7151284681334,15.61525568681647],[107.71509259412893,15.615620907980729],[107.71510816732561,15.615629315823313],[107.71512830902388,15.615645406716594],[107.71514145634883,15.615660231174193],[107.71514938083435,15.61567632012715],[107.71515199022534,15.615687708460635],[107.71515655239537,15.615732899341328],[107.715159813838,15.615748897174072],[107.71516783018622,15.6157733011297],[107.71517836526142,15.615793728750317],[107.71518405287193,15.615801592738826],[107.71519692112813,15.615812259654279],[107.71520205020846,15.615813977692504],[107.71520531450533,15.615813074406265],[107.71520522662294,15.61578117014155],[107.71520868268303,15.615749176057559],[107.71521568137385,15.615724864860939],[107.71522295806479,15.61571112820485],[107.71523284562736,15.615700012990708],[107.71524599710307,15.615690253997082],[107.71526231921531,15.615681941588901],[107.71528171873325,15.615674894990137],[107.71529347011669,15.615672095056668],[107.71531016416141,15.615670380466652],[107.71536546811753,15.615670027668779],[107.71537143709251,15.615668492144103],[107.71537638049745,15.615665148851384],[107.71538281712746,15.615655569552034],[107.71538524396506,15.615643368591769],[107.715385246254,15.615629721164513],[107.71538207922424,15.615606764065493],[107.71538348225009,15.615582271220964],[107.71538926694329,15.61556735938002],[107.71539402397472,15.61556311225435],[107.71539635548852,15.61556320300181],[107.71539728776672,15.615565191515564],[107.71539971272354,15.61556419771392],[107.71540941382297,15.615552630560728],[107.71542387143668,15.615539889211421],[107.71543273336499,15.615527237361329],[107.71544290064544,15.615516393322466],[107.71545465312201,15.615506995617382],[107.71546855027078,15.615499586615643],[107.71549317415563,15.61548196632189],[107.71550063637484,15.615474014025642],[107.71550324966513,15.615462174614391]]],[[[107.71337253348518,15.61692309863595],[107.71326800709804,15.616286442314232],[107.71287854612204,15.616292070823825],[107.71284346046944,15.616917406225657],[107.71257593974275,15.617170877569095],[107.71194806127174,15.617384880655937],[107.71199549216763,15.61759909016963],[107.71253523432381,15.617409022720961],[107.71282343546396,15.617289227397317],[107.7129634316548,15.61723339601462],[107.71306228499309,15.6172573634348],[107.71314462529415,15.617313232287088],[107.71317762576643,15.617393134004693],[107.71317761633162,15.61744600647794],[107.71322723655129,15.617418900698471],[107.71337253348518,15.61692309863595]]],[[[107.71336023479651,15.613704382382318],[107.71336005040973,15.613692361767763],[107.7133565098233,15.613673742829537],[107.71334569629889,15.613647440350292],[107.71331353139446,15.613591760699917],[107.7132953528271,15.613551357656855],[107.71329022504061,15.613542770668968],[107.71328183346776,15.613532375529063],[107.71325246140059,15.61350480461881],[107.71324490926975,15.613493867335833],[107.71323763836908,15.613474795869823],[107.71322785419424,15.61342906178526],[107.71321862687903,15.613398511689034],[107.71320417625623,15.613372118213144],[107.71317480709243,15.613328459593511],[107.71314730406334,15.613279649603772],[107.7131372345203,15.613265367822446],[107.71311392391652,15.61324059970005],[107.71309191745671,15.613224237165145],[107.7130628230394,15.613208958000856],[107.71306469113615,15.613192780235156],[107.7130721568099,15.613165577009342],[107.71307374816506,15.61313240769425],[107.71307319327752,15.613106287684491],[107.71303383808892,15.613103208137074],[107.71299838046214,15.613208133737537],[107.71293387989472,15.613530238371114],[107.7126373973417,15.61357583023286],[107.71272211847905,15.613349803412527],[107.71266477177248,15.613303970849456],[107.71265777520219,15.61331535758259],[107.71267838155835,15.613338227306933],[107.71269003553188,15.613357841817722],[107.7126932044823,15.613368326474157],[107.71269460144087,15.613379081970752],[107.71269366584978,15.613395621412582],[107.71268834590266,15.613418396352928],[107.71267966855459,15.613441351483637],[107.71264337566555,15.613522416474085],[107.71260773845152,15.613587574631415],[107.7126028861668,15.613602757701148],[107.71260176452166,15.613616676081033],[107.71260334847257,15.613624810580221],[107.71260987485836,15.613634934287592],[107.71261668195872,15.613639906363735],[107.71262488824195,15.613643342212022],[107.71263645217398,15.613645242165294],[107.7126531459291,15.61364434119956],[107.712669000979,15.61363991525725],[107.71267459711915,15.613637024037242],[107.71267888789302,15.613632596129811],[107.71268103271609,15.613633500297334],[107.71268364290923,15.613639556222633],[107.71268261544469,15.613648413320444],[107.71267543276802,15.613657450133593],[107.71265603134012,15.613675613283785],[107.71265929446963,15.613681036657997],[107.71267682495534,15.613694596685283],[107.71268241846602,15.613706256697597],[107.71268772951683,15.613732739035697],[107.7126983544973,15.613769796774065],[107.71270860354981,15.613822851766052],[107.71271018331,15.613854214007848],[107.71270850091629,15.613874730056734],[107.71270364807691,15.613892986059328],[107.71269618484365,15.61390627070071],[107.71266195188174,15.61394160359501],[107.71264525375156,15.613966545727509],[107.71263853589188,15.613983716847562],[107.71263582877033,15.61399790609856],[107.71263620061774,15.614004503925612],[107.71268338507863,15.614033975929212],[107.7127301983553,15.614053234882848],[107.71274847577672,15.614062276014405],[107.71278624090853,15.61409201753992],[107.71279398108932,15.614094459119293],[107.71280470601326,15.614094641695441],[107.71281561809323,15.614091299470026],[107.71282363939072,15.614086329909194],[107.71283427290909,15.61407620911128],[107.71284201592107,15.614062924512718],[107.71285470479496,15.614032649248555],[107.71286310080608,15.614018370575968],[107.71287783916063,15.614000568141742],[107.71288716635938,15.6139941527139],[107.71289751869132,15.613991804573443],[107.71290796353631,15.613993613943137],[107.71292111183038,15.614001569630695],[107.71294386423209,15.614019107251726],[107.71296288808418,15.614026250504484],[107.71298181971454,15.614027609399166],[107.71299049321294,15.614026074394474],[107.71299832778837,15.614022189359686],[107.7130050436916,15.614015773487168],[107.71301157388334,15.614004838566853],[107.71301623935133,15.613991191922715],[107.71302837201627,15.613942027066292],[107.71303695581116,15.613920608372629],[107.71304423200056,15.613910125478352],[107.71305859622251,15.613898288070486],[107.71307762301001,15.613888982094236],[107.71310224512864,15.61388130390174],[107.71313022442581,15.613874710833676],[107.71317928116576,15.613864777222352],[107.713208192611,15.613860714949697],[107.71323411923983,15.613859363583744],[107.71324885423591,15.61386017947132],[107.71326983697033,15.613864973136634],[107.71327599141621,15.613869131660252],[107.71327589794677,15.6138703065889],[107.71327850941458,15.61386931284167],[107.71328671817768,15.613858920475428],[107.71330332320233,15.613832622573263],[107.71332972454294,15.613783911983107],[107.71335071576092,15.613740894448126],[107.71335864728536,15.613716131560471],[107.71336023479651,15.613704382382318]]]]}}]}